nombre,edad,direccion,ciudad,departamento,zip,longitud,latitud
Donna Davis,55,5280 Darryl Heights,Leeborough,Connecticut,90098,160.806042,62.3011335
Phillip Murray,85,3506 Clark Roads,North Josephport,Alaska,75269,-41.478546,2.134152
Kimberly Keller,75,07042 Gibson Avenue Apt. 177,Millerchester,Montana,26660,-2.300771,76.281557
Lisa Vaughan,82,1581 Danielle Street Apt. 972,Pughside,Texas,04729,-108.646220,36.5869205
Gregory Bryant,22,8935 Chapman Village Suite 232,Angelaville,Texas,03658,-84.348515,-45.978599
Angela Fernandez,33,46344 Ramirez Highway,East Jennifer,Rhode Island,32639,-72.507548,-67.9759225
Joe Walker,29,36445 Mcdonald Trace,Blankenshipfort,Vermont,14375,-78.631256,81.953778
Tom Ford,15,037 Brown Landing,Watersmouth,Louisiana,17614,-130.155963,85.651233
Brittany Miller,86,162 Payne Lights,North Michelle,Pennsylvania,89851,-66.693032,-82.4951285
Denise Holmes,39,05527 Harrison Turnpike,Palmershire,Wyoming,80996,-18.134210,-71.7950595
Lindsay Travis,18,54128 Joyce Walk,West Margaret,Minnesota,04269,89.327625,44.799630
Jerry Hebert,58,52287 Morris Point,Baileyborough,Ohio,58439,-84.503235,11.2481355
Sharon Romero,36,92595 Cunningham Place,New Michaelmouth,Hawaii,07461,123.220443,56.2280825
Raymond Hart,86,77048 Page Street,Johnsonview,Georgia,47615,-41.834820,87.3178705
Diane Ortiz,22,2214 Joanne Shores,Youngfurt,Virginia,48208,11.961009,19.375263
Jessica Knox,30,983 Coffey Overpass Suite 828,Lake Richard,Vermont,85451,-64.335602,-2.242170
Cassie Roberts,41,1770 Barnett Inlet,West Sandrastad,Nebraska,62848,-125.770382,66.3502815
Erica Evans,74,6629 Robinson Square Suite 197,East Sethborough,Illinois,37876,155.483890,-89.2874295
Deborah Butler,22,3919 Jamie Green,East Christopher,Utah,46520,-101.603203,-59.5547575
Logan Scott,57,719 Jennifer Ford Apt. 135,Port Kathleenburgh,Indiana,07278,168.355404,-68.9880275
Cynthia Reed,41,41743 Ashley Plaza Apt. 616,North Ericatown,Virginia,58791,22.297781,-63.293759
George Koch,87,580 Warner Crossing,Robinsonside,New York,50341,66.689566,-50.1147535
Perry Shannon,46,688 Marks Isle Apt. 403,Caldwelltown,Maryland,02224,118.676561,34.8357475
Andrea Kennedy,65,0004 Richard Oval Apt. 218,West Ashleeside,Connecticut,68883,153.563834,-56.006786
Stephen Jordan,83,773 Margaret Pike,Villaland,Virginia,25335,-17.462622,-86.369661
John Obrien,76,6663 Wolf Fort,New Douglaston,Oklahoma,59854,139.425959,-48.0892485
April Brooks,38,8545 Chad Manors,Kristinland,Utah,59491,-109.005407,-69.7668335
Kurt Scott,55,51473 Patel Wall,Wumouth,Tennessee,40789,178.693774,-38.3791485
Jenny Key,71,10565 Roy Center Suite 819,Monicastad,North Dakota,09712,-160.349718,3.539223
Sheila Woodward,58,250 Odonnell Camp Suite 428,East Amandaland,Indiana,15318,-84.191935,-11.027173
Susan Henry,45,8877 Krueger Stream Apt. 246,Lake Jennifermouth,Alaska,78131,-27.797051,-78.715393
John Smith,67,9580 Morgan Mountains,West Ryan,Ohio,35290,-16.332374,68.073071
William Chavez,49,025 James Glen Apt. 300,Jamiemouth,Louisiana,21166,113.954824,62.0069295
Roger Robinson,51,676 James Manor Apt. 543,Gailton,Utah,22992,-25.457848,48.1730185
Megan Clark,33,113 Timothy Harbors,New Jenniferborough,Oregon,10362,-78.446504,-30.265980
Daniel Richards,80,2079 Lee Vista,Port Dana,Oklahoma,02168,-57.685129,-30.9792435
James Parker,16,805 Lam Meadow,Thomasburgh,Wyoming,58738,122.101428,-85.616990
Thomas Lopez,39,233 Martinez Alley Apt. 597,Thompsonberg,Arkansas,81277,-130.851790,69.6511615
Ms. Melanie Figueroa DDS,68,1030 Jennifer Fork,South Colleen,Arizona,57859,-58.774383,52.067654
Nicole Mata,18,848 Paul Highway Suite 840,Patrickmouth,South Carolina,86089,101.776304,-89.4292525
Stacey Hall,32,6002 Mclaughlin Throughway Suite 407,Leefort,Georgia,37776,17.043236,31.356482
Eric Garcia MD,58,3296 Andrew Ridge,Dickersonshire,Kentucky,86915,-117.729893,-66.832621
Peter Johnson,17,369 Allen Locks Suite 693,Johnstontown,Louisiana,26774,-34.548267,86.4437485
Kristi Mcmahon,34,53331 Preston Orchard Suite 490,Hillfort,South Carolina,09841,-172.735586,45.649844
Jacqueline Young,20,6899 Ramirez Trail Apt. 955,Wheelerton,Oklahoma,51037,-125.466581,-43.503829
James Howard,32,4566 Robin Lock Apt. 916,Rowehaven,Utah,06937,-14.975069,-63.706843
Jessica Hernandez,89,355 Faith Lakes,Ortiztown,Oklahoma,06712,-106.900625,2.371728
Andrew Wade,36,1513 Timothy Radial,New Jacob,Maryland,13259,19.423585,89.865693
Kim Mullins,22,6613 Devin Springs Suite 413,East Joshua,Wisconsin,90888,-159.022356,-27.8649015
Ms. Jill Wright,57,703 Thomas River Suite 518,Devinport,California,66217,77.301038,37.5088885
Stephanie Proctor,32,42273 Reese Mills Apt. 864,Whitechester,Ohio,88569,77.642543,-25.077122
John Chang,85,13527 Barbara Key Apt. 908,West Justinton,Illinois,98523,77.871707,35.315466
Michael Smith,49,9239 Holly Pass Apt. 188,Seanfurt,Maine,30430,-30.676305,-67.329599
Victor Davidson,30,47241 Robert Burgs Apt. 170,North Sheliaview,Indiana,79964,136.944141,30.683838
Elizabeth Woods,75,3101 Harold Common Suite 871,Davidhaven,Texas,63070,-105.181465,-72.3583955
Lori Harris,23,53400 Marie Trail,East Mark,Ohio,17063,-151.297102,-29.9944865
Christian Meyer,67,821 Jamie Court,Lake Matthewmouth,Tennessee,65403,-124.753633,68.582120
Jill Henry,42,6026 Adkins Lake,North Justinhaven,West Virginia,83719,-54.189268,-79.358523
Anthony Hawkins,51,89047 Anna Mountains Apt. 201,Bennetttown,New York,18302,87.241274,14.330144
Robert Jones,58,75703 Russell Ferry Suite 846,Catherineport,New York,39623,51.999194,-70.326738
Denise Reed,56,302 John Meadow Apt. 529,Courtneyhaven,North Carolina,69587,160.027447,-5.8233415
Wyatt Parker,25,402 Theodore View,Lake Kellyfort,Oklahoma,92825,-87.368342,68.311083
Charles Thomas,26,916 Heather Drive Apt. 499,New Sarahstad,Kentucky,37738,12.904320,-28.4799285
Katherine Espinoza,25,8950 Matthew Divide,South Justinbury,Michigan,49288,-76.872650,-60.6954775
Adam Ryan,69,5437 Robert Corner,Alexanderborough,Nevada,30209,125.991442,-22.205504
Steven Jarvis,73,747 Arnold Brook,Garzamouth,Idaho,18767,119.778912,-42.0048815
Brian Lawson,63,963 Corey Union,Clarkbury,Kansas,72436,100.996994,75.5489035
Stephanie Watkins,89,696 Linda Knolls,New Jamesfort,Connecticut,47082,-58.352067,7.156170
Gary Salazar,36,561 Andrew Brook,Stephensonbury,California,56312,164.604503,-86.131018
Jamie Smith,59,0686 Collier Drive Suite 827,Patriciaborough,Tennessee,40430,-65.061854,22.2490865
Samuel Owens,37,161 Andrews Place,Gonzalezstad,Hawaii,86015,-55.694093,71.5263615
Rhonda Jensen,75,887 Shawn Lock,Wellsview,Georgia,51791,24.947849,-52.1578905
Jennifer Sims,51,81203 Jessica Pine Suite 591,West Sarahville,Oregon,08091,14.544104,77.747744
Gary Mullen,48,71013 Elizabeth Plaza,Port Bretthaven,California,69312,-54.757744,11.6310345
Renee Coffey,34,1664 Warner Corners Apt. 110,Port Christine,New Jersey,96296,111.901625,-50.524607
Andrew Washington,88,7840 Jeremy Views,Ashleyside,Nevada,85761,55.156307,-13.577625
Bethany Gonzales,64,8841 Nelson Views Suite 602,Port Olivia,California,35265,49.003786,-82.986782
Lindsey Robinson,41,5871 Logan Pike Apt. 666,Reynoldston,Kansas,94341,133.822411,58.601139
David Baker,45,717 Ortega Pass,South Bradview,New York,72207,-154.296320,-69.0742605
Brenda Brown,61,99301 Katrina Well,Simpsonbury,Montana,31770,134.800471,80.6836605
Tyler Willis,40,161 Samantha Village Apt. 432,Lisamouth,New York,49432,45.921201,58.745304
Kathy Jones,66,5528 Michele Ramp,Nancyfurt,Tennessee,27915,-172.670124,-3.881744
Robert Romero,66,49701 Amy Tunnel Suite 942,Gainesborough,Connecticut,82595,139.998449,-5.7477035
Stacy Clark,48,894 Kelley Gardens Suite 014,New Shannonfurt,South Carolina,90740,17.364473,-47.291544
Annette Rogers,20,0128 Lin Mews,East Renee,Maryland,13834,90.628952,53.0174605
Gregory Reynolds,33,535 David Lock Suite 083,East Ericville,Nebraska,43427,-84.218680,57.526358
Brooke Ellison,19,0256 Timothy Island,West Brianchester,West Virginia,68425,-175.156227,59.980978
Katrina Butler,17,179 Theresa Ridges Apt. 606,Sarahbury,Oklahoma,59302,57.189370,27.615502
Michael Mcmahon,65,469 Laura Drive,West Jennifer,North Dakota,27463,-80.810320,-18.708642
Kristin Rogers,52,029 Todd Trail Suite 681,South Michaelamouth,Alaska,38464,3.032767,79.812354
Stephanie Zavala,36,32521 Scott Knolls,Port Jessicaville,New Mexico,03229,-61.308980,-72.497066
Pamela Leon,74,952 Taylor Well,North Evantown,Massachusetts,18199,50.092357,36.563669
Scott Huerta,81,84870 Alexander Hollow Suite 064,Lake Michaelville,Tennessee,52796,-57.019026,21.376921
Nicholas Rodriguez,68,08917 Karen Square Apt. 100,Marieport,Louisiana,43345,141.273853,81.576248
Jose Sanders,52,7906 Vaughn Island,Smithfort,Iowa,33029,171.910688,-10.023857
Caroline Hernandez,65,959 Lowery Plain,Brewershire,Virginia,05815,159.913452,-27.441342
Anthony Ramirez,29,073 Mark Circle Apt. 121,Barkerchester,Maryland,30087,77.919687,-33.097577
Daniel May,64,9100 Julia Meadow Suite 923,East Ashleyshire,New Jersey,61991,57.573895,-34.3932965
Ricardo Allen,77,4194 Gregg Neck,New Robert,Kansas,96998,-119.503091,33.834638
Angie Alexander,54,172 Brian Way Suite 888,West Dylan,Connecticut,36349,-52.709394,-49.3719225
Johnny Stevens,46,98626 Werner Burgs Apt. 215,Port Maryborough,Arizona,50077,-46.215695,52.924209
Julie Green,46,19131 Jose Mountains,Rasmussenville,Arkansas,81243,89.664070,51.356103
William Pope,65,728 Montgomery Court,Andrewville,Nevada,14619,79.267765,-4.4465535
Patrick Castro,50,5606 Rogers Square Apt. 157,Wolffort,Louisiana,16356,34.802319,-2.3626715
Randall Fowler,43,490 Walker Lights Apt. 022,New Davidfort,South Carolina,89304,-55.353762,-31.4537285
David Burton,34,851 Jessica Avenue,Lake John,New York,11279,125.793270,17.859210
Roger Zamora,48,6570 Terry Divide,Kathrynton,Arizona,91086,-57.922666,-7.0710615
Carol Poole,19,398 William View Apt. 964,Robertsonhaven,West Virginia,36866,-144.023627,-2.3125135
Ian Williams,51,6712 Laura Isle,Kimberlymouth,Nebraska,86412,59.474985,-29.0575785
Patrick Holt,51,132 Mosley Junctions Apt. 045,Copelandside,South Dakota,15491,32.868318,-76.795362
Kim Elliott,45,969 John Garden Suite 138,Lake Cynthia,Texas,54658,119.922052,-44.556242
Misty Williamson,46,4081 Foster Shoal Suite 889,South Rickyborough,Pennsylvania,02743,27.014627,-89.4218115
Jennifer Foster,63,578 Kathy Club,South Lukestad,Missouri,09640,-2.299155,-75.132875
Susan Wong,85,1414 Michelle Prairie,East Thomas,Ohio,25169,91.406725,-84.9956655
Michelle Hughes,46,6919 Jordan Causeway Suite 081,Crystalbury,Wisconsin,06288,-137.600251,0.213367
Jeffery Wilcox,46,1756 Vincent Divide Apt. 775,Lambfurt,West Virginia,18818,-118.199675,-65.4475585
Cindy Ferguson,37,0940 Evans Junction,West Margaretborough,Georgia,65079,121.938527,65.2520815
Kimberly Miller,87,768 Kathy Green Suite 175,Mitchelltown,Minnesota,03312,-60.605640,-70.6452735
Mrs. Sarah Miller,59,1729 Wendy Shoal,Waltershaven,Nebraska,77988,-150.440743,-7.2689355
Angel Ponce,86,9363 Jessica Circle Apt. 108,East Joshua,Colorado,65921,160.121558,75.557701
Daniel Carr,84,6833 Debra Wells,Jocelynhaven,Wisconsin,79312,-41.544634,21.766978
Joseph Edwards,47,5122 Sarah Green,Robertbury,Delaware,85696,-159.372997,-16.2120615
Richard Green,72,4042 Joseph Light,Nicholasport,Utah,65616,-83.458890,59.5840935
Hannah Hernandez MD,26,960 Davis Rest Suite 319,East Shane,Idaho,15575,124.326513,87.8297885
Jonathan Rice,86,0437 Wilson Dale,New Amanda,Idaho,86064,24.131389,-22.671777
Kevin Smith,72,544 Seth Underpass Apt. 301,Port Brettton,Michigan,62619,125.020578,51.4177435
Dennis Wagner MD,23,756 Jessica Island Suite 986,East Christopher,California,56461,-22.800495,51.300065
Jamie Robbins,15,0429 Pace Ford,Simonstad,Kansas,91403,-15.120194,59.083259
James Hamilton,86,436 Linda Trail,South Becky,South Dakota,83406,-71.840742,-12.5549435
Patrick Clark,33,513 Sanford Creek Apt. 026,Julieton,Hawaii,26926,7.379161,73.4405845
Danielle Underwood,48,612 Benjamin Track,Kathrynhaven,Wisconsin,79134,-111.514886,26.9436745
Christina Kelly,83,125 Charles Junctions,Davidshire,Georgia,56281,162.108236,49.5268045
Tina Carpenter,17,94453 Williamson Landing,Port Amyhaven,Virginia,04621,12.353547,62.3574485
Michael Lynch,85,67301 Mark Ferry Suite 416,Williambury,Hawaii,22760,176.479394,41.187513
Linda Sparks,46,7800 Leslie Hollow Suite 800,Westhaven,Florida,48498,132.695659,-7.9511045
Ethan Cooper,44,6301 Carr Summit,Huertaport,South Dakota,38463,59.168999,19.7155245
April Silva,77,221 Price Meadows Apt. 198,Sandramouth,Ohio,79067,-133.269220,-62.161383
Brandon Johnson,28,47612 William Estates,Michelleland,Tennessee,67708,87.076301,6.9854545
Sharon Garcia,22,864 Shawn Summit,East John,Wisconsin,03304,55.278732,81.4254155
Daniel Smith,18,8421 Wall Turnpike,Alyssashire,Maine,30580,-127.906632,-17.139273
Jason Hood,61,06782 Paula Street,Leebury,North Dakota,67194,-128.894257,-9.565010
Manuel Burke,71,344 Gregory Fork,Rachelshire,North Dakota,20098,4.265830,-85.957513
Jill Galloway,28,6282 Jeffrey Crescent Apt. 364,Elizabethchester,Rhode Island,92868,-91.142387,85.187479
Anna Sutton,86,565 Jones Prairie Apt. 967,Port Joditown,Nebraska,08053,-97.703297,-65.150657
Elizabeth Robinson,59,07714 Mcgee Shore,Lake Albert,Nevada,12566,163.742795,-70.243511
Sara Hinton,72,04325 Bailey Mountain,Lake Kimberly,Washington,56502,65.107694,-65.282773
Matthew Warner,87,17036 Aguirre Pines,New Robert,New Mexico,40684,-112.471965,-8.291575
Scott Reed,48,6491 Brenda Keys Suite 108,North Dylanhaven,Missouri,65948,-41.886733,68.3235395
Charles Moore,62,3786 Kristi Orchard,South Ray,New Hampshire,63831,-65.893015,61.925060
Christopher Holland,31,2356 Sharon Island,New Dawnmouth,Alabama,54950,-68.950116,-52.8090765
Haley Ward,77,073 Edwards Plaza,Davidfort,Kentucky,57940,-22.793179,-64.223345
Joseph Boyd,25,849 Jennifer Estates Suite 441,South Saramouth,Kansas,78248,167.576525,27.9710375
Bryan Blackwell,87,4189 Larsen Pine Suite 862,North Abigailmouth,Missouri,36594,-122.291023,-82.078202
Veronica Chavez,86,539 Reynolds Throughway Suite 315,Juarezview,North Carolina,13143,1.985484,45.818419
Angela Clark,40,8189 Regina Lane Suite 997,Zavalaland,Kansas,59194,-18.021439,-77.674317
Tamara Hopkins,43,66459 Corey Mission Apt. 991,Perryport,Kentucky,04225,-10.428563,-5.2705855
Kimberly Morris,72,0226 Jessica Roads Suite 176,New Thomas,Hawaii,66843,-40.236477,-46.4216775
Raven Figueroa,40,998 Brittany Via,New Amanda,Hawaii,76029,-3.468625,-33.2378195
Brett Long,48,966 Smith Inlet,East Jimport,Hawaii,39451,-128.407624,-16.0218405
Julie Brown,24,7448 Ramirez Squares Apt. 944,Harrisview,Nebraska,39908,135.661779,88.049424
Matthew Sullivan,20,376 Whitehead Estates Apt. 574,Torrestown,New York,21492,-22.687917,-46.201495
Stephanie Johnson,30,41951 James Bridge,Greertown,Montana,67813,159.957352,-67.8852445
Richard Frederick,66,35118 Marc Mountain Suite 234,New Pamela,Arkansas,74732,1.691285,38.363713
Jennifer Jackson,21,0344 Sandra Ferry Suite 351,Crystalchester,Connecticut,92547,151.795229,-81.893879
Megan Brown,65,3560 Jeremy Street,Peterstown,Ohio,70503,36.589110,2.9832815
Matthew Robinson,15,769 Adam Port Apt. 110,Chaseview,Kentucky,55044,2.214871,37.023461
Eric Williams,44,942 Joshua Key,Bryantchester,New Hampshire,47738,60.787331,51.240192
Samantha Hines,69,714 Evans Bridge Suite 577,East Ericbury,Wisconsin,56398,-34.881252,-59.097174
Amanda Morales,63,5980 Stevens Plaza Suite 471,West Samanthaville,Virginia,54789,172.539020,-8.911001
Tami Herrera,29,54449 Heath Garden,Harrismouth,Alabama,11407,7.917263,-40.8649515
Susan Garcia,88,32527 Scott Coves Apt. 414,North Jeanette,Montana,92411,-65.552246,-48.831856
Timothy Ware,74,6620 Chavez Prairie,Robertsonland,Maryland,18170,137.323537,77.7923835
Michelle Schultz,42,8960 Cole Streets,West Karen,Idaho,14571,-112.111837,-45.059136
Jennifer Warren,47,1532 George Dam Suite 526,Bowmanbury,Kansas,42794,-2.631628,13.2099165
Robert Ingram,20,13816 Tucker Points,New Morgan,Georgia,17369,-85.275288,9.938232
Marcus Diaz,37,3962 Santos Plains,Millerchester,Georgia,03483,36.124059,71.742893
Julie Anderson,70,19199 Hawkins Walks,Danielville,Oregon,80243,-87.704624,64.511094
Ashley Owens,19,1710 Joel Alley,Patricialand,Louisiana,63037,76.733063,64.699999
Pamela Larson,55,767 Rodriguez Mount,Lake Whitney,Kentucky,14372,-172.070403,-75.0121355
Ryan Dyer,22,672 Andrew Groves,West Herbert,Colorado,64258,17.140984,82.1657095
Heather Bush,81,810 Gates Road,Lake Bethanyland,New Mexico,21231,29.939939,-62.4402955
Perry Chan,68,60096 Thomas Plain Suite 767,Lake Karamouth,North Dakota,96707,0.563455,32.2013415
Kristin Delgado,17,442 Sparks Crest Apt. 896,Lake Tracychester,Utah,58293,3.474924,-55.5900745
Robert Frazier,61,948 Roberts Trail Suite 048,North Samanthaborough,Missouri,19998,-179.274758,85.4331965
Destiny Herrera,41,718 Stephen Parkway Suite 827,North Jonathantown,North Carolina,45585,-70.104983,61.6864125
Debbie Gonzales,58,23979 Teresa Rest Suite 446,East Dawn,Oklahoma,30789,168.704545,31.8480485
Terry Fernandez,20,059 Matthew Fields,Salastown,Florida,53299,-13.481751,-33.0537045
Dale Ho,31,36384 Kyle Brooks,New Nicoleview,Idaho,81237,26.229113,-1.3340555
Rachel Mccoy,70,76928 Katherine Track,West Dylan,West Virginia,35682,-27.437816,18.9217525
Stephanie Davis,26,499 Moore Oval Apt. 541,East Kathleenmouth,Wyoming,95275,-12.783796,-3.682868
Mary Good,22,946 Logan Crest,North John,Rhode Island,88737,-164.774082,-11.1193845
Mark Parker,43,069 Jerry Station Apt. 782,Davidland,Oklahoma,31127,23.428739,27.6787125
Kenneth Morrow,73,08421 Black Landing Apt. 154,Stevensonstad,Rhode Island,44304,109.335303,89.468483
Elijah Mullen,19,9977 Rhonda Branch Apt. 338,Port Ashleymouth,Washington,18478,30.900160,17.172927
Crystal Clark,38,0345 Gary Gardens Suite 776,Port Dawn,Delaware,71497,-35.870754,10.4015265
Jacqueline Kim,63,65066 Brandi Rapids,Huntbury,Georgia,33668,94.600744,-84.203843
Andrew Mcdowell,29,3157 Phillips Dale,Powellburgh,Washington,89200,-138.543245,38.5520425
Steven Washington,42,32870 Molly Prairie Suite 512,Sextonshire,Oregon,39593,-173.251230,-67.2303775
Michael Anderson,18,60036 Ronald Courts,Chandlerfort,Alaska,90484,-69.099321,-60.231965
Randall Serrano,62,4534 Best Turnpike Suite 335,South Jessica,Vermont,16174,-115.437360,3.0174015
Catherine Jenkins,68,49545 Tiffany Port,New Briana,Iowa,10090,13.150637,-15.922020
Casey Johnson,71,107 Erickson Turnpike Suite 175,Wilsonborough,Maine,81492,-64.475403,-69.5778005
Catherine Juarez PhD,43,52535 Taylor Roads,Adamsborough,Missouri,00929,-63.641841,29.9931085
Christine Underwood,79,52942 Weeks Drives,Robertschester,Minnesota,23352,6.057764,18.407018
Sara Jones,19,22930 Robin Shoals Apt. 024,Maxborough,Tennessee,30481,102.948171,23.8691765
Jill Graham,75,8223 Greer Club,Nicholasborough,Delaware,81563,-32.730196,68.522178
Ruth Hammond,48,23533 Victoria Fields,Salinasfurt,Georgia,58362,-179.269302,-63.8568315
Tara Gonzales,48,8351 Audrey Cliff Apt. 404,Kimhaven,California,97030,-169.592344,54.6483465
Chad Diaz,86,21620 Vega Parks,East Brandy,Delaware,08198,43.476577,81.0474445
John Lane,20,00365 Daniel Ways,New Ashleyport,Louisiana,18948,94.804399,3.6130455
Peter Mccarthy,51,722 Sarah Summit Apt. 919,New Sandyland,Hawaii,84479,45.714081,-25.770017
Elizabeth Robles,90,404 Miller Inlet Apt. 405,South Katherine,Mississippi,17359,-11.209635,-59.0787855
Antonio Richardson,52,978 Oconnell Run Suite 076,Juanchester,Rhode Island,67390,107.469901,-21.3065355
Dylan Medina,25,000 Emily Mount,West James,Alaska,95193,-54.969500,87.1892265
Kenneth Liu,50,73939 Brandi Squares,Wandahaven,Nebraska,44043,156.039730,30.933882
Cynthia Flowers,70,6149 Kevin Pines Suite 957,Mcclainfort,Nebraska,13693,43.890548,1.158299
Laura Jones,50,3624 Trevino Islands,Farmerport,New Hampshire,54786,25.184661,2.304304
Shane Perez,36,802 John Street,Shannonchester,North Carolina,76042,30.113967,49.3918135
Timothy Floyd Jr.,59,3058 Lyons Crossroad Suite 211,North Ericville,Pennsylvania,64459,-160.936904,35.9078985
Jonathan Boone,38,062 Stephens Streets,South John,Utah,07640,62.586818,-32.775286
Jennifer Ali,27,164 Church Shoals,East Eric,Vermont,31370,-172.424007,-39.964578
John Adams,26,352 James Green,Lake Steven,Colorado,21906,100.033208,55.0305035
Christopher Delgado,87,8342 Dylan Coves,Katrinaborough,Michigan,05229,-77.434480,-86.810300
Katelyn Johnson,15,459 Philip Trace Suite 643,Kellychester,California,30499,48.198441,-53.7018115
Andrea Graham,69,1876 William Island,Port Terrence,New Hampshire,16181,-9.626589,49.5209565
Luke Griffith,23,951 Sandra Port,Jenniferton,Wyoming,63890,-40.778808,-2.9880365
Michael Carter,58,0209 Cowan Estates,South Rodneyfurt,Nevada,25228,-129.115296,6.1479435
Brooke Johnson,24,92136 Lopez Shores,Lake Lindsay,California,66330,61.880691,11.4058195
Julia Lawrence,42,778 Amy Gardens Apt. 223,Oliverport,Pennsylvania,97604,116.478702,-29.3849675
Amber Webb,19,768 Thomas Pass Suite 186,New Steve,Connecticut,04848,93.525280,-72.4481405
Sydney Russo,87,116 Ashley Unions,Michaeltown,Montana,42777,110.727747,58.526760
Kristine Sheppard,79,54726 Wagner Mission,Bowersside,Colorado,53037,-21.408062,86.1648405
Sarah Gallagher,39,81298 Davis Grove Suite 870,West Paulville,Oklahoma,16250,0.424406,-86.1692795
Joanna Taylor,71,573 Harrison Spur,Rileymouth,Delaware,50820,167.188020,-72.9006115
Crystal Hayden,69,131 Sandra Harbor,Johnsonfort,Illinois,25582,38.480149,-3.365810
Rachel Cantu,29,493 Christina Ports,Hallmouth,Colorado,77451,-12.912713,-43.830594
Carla Little,20,800 Cooper Parkways,Lake Amandaborough,Arkansas,18968,-21.539068,-73.792363
Crystal Carter,81,339 Bryan Road Suite 502,New Julie,Indiana,65346,-167.027914,18.837107
Carl Jimenez,40,459 Parsons Estate,South David,New Jersey,57867,38.909317,55.331336
Elizabeth Cardenas,43,379 Jessica Passage Suite 573,Stacyview,Michigan,86278,177.231756,87.404018
Meredith Thomas,47,2113 Lopez Islands Suite 100,Lake Ana,Colorado,77727,-17.707121,-10.7093705
Shelley Smith,38,3575 Christian Keys Suite 450,Port Cynthiafort,New York,70332,-124.149166,-16.599086
Megan Kim,49,39452 Gina Mountains,South Beth,North Carolina,25596,-142.266325,-56.308202
Ethan Bauer,18,00017 Lauren Throughway,North Christina,Texas,34291,2.919434,-61.215413
Leslie Ferguson,51,05115 Baker Mountain Apt. 218,Port Jasontown,Michigan,16700,-9.224467,56.6305955
Todd Lawrence,64,3058 Crawford Trace Suite 917,Staceyside,Rhode Island,05131,161.619376,-58.550175
Andrew White,44,5105 Trevino Ramp,North Carrie,Connecticut,92716,-101.737665,74.9764785
David Macdonald,52,0498 Heather Orchard Apt. 065,West Michael,Florida,74857,48.048646,-86.9971445
Vincent Fisher,53,681 Roberts Place Suite 281,South Jesseborough,Idaho,33234,173.979409,-49.8961965
Kristi Rogers,33,93718 Carrie Unions,West Monica,Oklahoma,58016,107.542807,10.945455
Alexis Owens,47,42588 Elizabeth Hollow Apt. 603,Henryview,Arkansas,80591,7.993469,65.5485465
Darlene Lewis,58,8448 Terri Skyway Suite 377,East Edwin,South Carolina,10638,150.703768,-49.563501
Gregory Jackson,50,91819 Strickland Point,Hahnstad,Georgia,58230,-153.875890,-34.350587
Stephen Forbes MD,32,9910 Alexis Stravenue,West Josephview,Virginia,72752,-170.880930,69.303241
George Palmer,65,7134 Nunez Path,North Sandrashire,Washington,90480,168.735748,-78.869818
Lindsey Gutierrez,43,38321 Moore Run,Lake Lindaville,Virginia,88411,44.346106,45.8313595
Willie King,66,36736 Guerra Center Apt. 303,Ryanton,Oklahoma,05103,80.640751,14.916007
Tracy Scott,74,53555 Ochoa Glens,North Linda,Illinois,25095,140.569457,-15.8671485
Martin Brown,36,03763 Sullivan View,Proctorchester,Florida,45202,-70.157772,-29.039649
Olivia Lang,56,0001 Cristian Islands Suite 437,East Abigail,Connecticut,93444,-157.372619,-34.256193
Kara Smith,83,615 Justin Burgs Apt. 890,Jasminetown,Iowa,20824,52.227826,-41.2037445
Jason Wagner,35,4746 Edward Bridge,Hudsonburgh,Arizona,43650,-164.921258,-40.003545
Ryan Jones,89,7358 Beasley Mission Apt. 175,North Nicholas,Idaho,79131,-135.694043,-66.269587
Mary Miller,70,339 Shaw Course,West Keith,Ohio,64863,54.353476,-6.025257
Katherine Gibbs,63,3592 Holt Road,Copelandmouth,Missouri,23272,37.655459,38.6539665
Thomas Kerr,70,429 Carlos Parkways,Port Paula,North Carolina,70046,-127.472154,-28.1379395
Ronald Harrison,75,996 Harrison Grove Suite 884,North Lisa,Nevada,49178,121.049986,-78.425026
Madison Barnes,76,748 Duncan Station Suite 849,Mannview,Virginia,01707,-94.838954,11.4371415
John Harris,64,7924 Matthew Greens,Martinezville,Kentucky,07131,140.848636,11.4052015
Monique Bennett,30,640 Michelle Haven,Nashton,Florida,92406,-56.341979,76.634354
Justin Daniels,66,70497 Latoya Valleys Suite 843,Daniellebury,Texas,15796,-154.443562,-20.857988
Robert Jordan,73,6702 Rodney Village,Evanschester,Massachusetts,27729,-171.419432,-53.4111585
Thomas Nolan,82,1104 Mary Bypass,Davidland,Georgia,50480,-103.792789,47.031900
Arthur Harmon,65,2026 John Wells Apt. 092,New Angelaland,California,35690,-159.405801,-89.9205695
Eric Elliott,19,01769 Wilson Harbor Apt. 467,East Alyssaburgh,Massachusetts,38454,-80.440815,47.591006
Patricia Simmons,19,180 Michael Squares,New Guy,Kentucky,83464,-116.467841,43.515116
Thomas Ross,47,355 Angie Cape,Port Jeremytown,Minnesota,30531,-72.731877,82.7552575
Nicole Phillips,63,76149 Wesley Common,Amymouth,Vermont,40338,-126.200594,58.9039195
Jody Scott,66,52243 David Way,South Rebeccaton,Nebraska,97480,106.874202,0.0727365
Todd Hines,56,8889 Susan Summit,Christinaborough,Louisiana,79169,-171.198968,-86.445103
Vincent Cummings,60,53775 Ruben Forks Apt. 625,Hannaberg,Nebraska,44560,70.512359,-68.342449
Chad Craig,25,465 Amanda Groves Apt. 719,Lake Anitaberg,South Dakota,85733,-178.757429,42.957849
Brandon Forbes,50,21373 Contreras Mountains Suite 429,Jodymouth,Oklahoma,40466,-159.870308,56.110507
Jessica Padilla,23,9896 Beasley Squares,Lake Ronaldstad,Wyoming,08377,44.931278,26.5707885
Matthew Mcbride,31,929 Washington Vista Suite 363,North Courtneyport,Nebraska,15673,86.895717,84.7600875
Tracey Miller,56,1963 Melinda Ridges Apt. 781,South Christopher,Colorado,35371,-124.401519,-52.753956
Rebecca Lane,16,0463 Lee Way,Shahfort,Alaska,20387,-132.779420,68.2151005
Cathy Thompson,68,13227 Teresa Village,West Amandatown,Nebraska,63465,-136.591161,41.018260
Patrick Carr,28,1296 Mariah Groves,North Erikachester,Pennsylvania,94817,139.517002,-47.498760
Ryan Hurley,63,2690 Butler Crest,West Shannon,North Carolina,20106,-149.131594,-42.924764
Ashley Smith,26,818 Graham Place,Justinville,Rhode Island,03998,6.934287,-36.2456325
Michael Mitchell,65,26353 Mendez Passage Apt. 465,East Michael,Connecticut,33007,6.299676,35.8992805
Jenny Jensen,46,09593 Anthony Way,Penaborough,Maine,73169,-41.147703,-49.071701
Jason Castro,41,98099 Randy Rapid Suite 829,New Lisa,Maine,87123,-20.889151,28.923303
Tammy Long,38,92010 Jenna Dale Suite 809,Lake Juan,Arkansas,97913,101.821021,81.0588015
Anthony Roberts,26,5431 Judy Locks,New Debramouth,Ohio,52867,152.176468,-51.432135
Samantha Johnson,79,084 Lee Inlet,Cobbton,Louisiana,87394,-2.377820,40.4552565
Christopher Jackson,48,55825 Simmons Keys,Stephensland,Virginia,27249,-170.171219,-71.614368
Courtney Wade,88,9077 Megan Field Suite 630,Kimberlyberg,Louisiana,31017,22.095879,15.556207
Ian Li,32,838 Baker Way Suite 066,Port Andrew,Montana,27642,7.865311,-64.334579
Sharon Harris,61,351 Ramirez Ranch,West Justin,Hawaii,53042,76.669209,63.386207
Mr. Alejandro Thompson,60,59515 Reid Shoals Apt. 091,Jonesmouth,Indiana,39119,-98.907401,75.713300
Christopher Fleming,63,138 Jeffrey Isle Apt. 851,Port Kathleenhaven,Virginia,45068,63.337167,86.4212405
Leslie Valencia,77,692 Vasquez Terrace Apt. 146,Carolynville,Colorado,98152,-74.380562,-61.884774
Deborah Obrien,21,502 Luke Crossroad Apt. 636,Patrickchester,Wyoming,70642,59.846452,55.755281
Mrs. Melinda Jones,68,987 Joshua Island,Fischerborough,Alaska,22754,88.791006,56.136889
Matthew Campbell,67,180 Santiago Plains Apt. 630,Ruthview,Virginia,51128,-100.226267,71.4186105
Danny Shields,85,5017 Carol Mall Suite 852,Lake Susanfurt,Texas,93426,-41.576011,58.847908
Kimberly Allison,51,288 Danielle Extensions Apt. 418,Cooperside,Massachusetts,76404,172.151736,9.330931
Juan Parker,57,327 Linda Plain,West Candace,Hawaii,12839,-158.414799,-63.5216275
Jennifer Mendoza,38,43846 Matthew Turnpike,Glovershire,New Mexico,11201,-76.792946,-28.4585225
Christopher Chase,68,110 Cervantes Cliffs,Johnchester,West Virginia,24687,138.251846,-9.523054
Anthony Gonzales,89,858 Darius Summit Apt. 130,Lake Kevin,Connecticut,39547,75.463354,72.681771
Jennifer Gonzales,52,523 Jacqueline Burgs,North James,Virginia,42338,168.122223,34.8228295
Kathryn Martinez,31,81696 Trevino Squares,Port Melanie,Massachusetts,81638,-12.322108,36.484352
Tamara Mills,41,77012 Sharon Manors,East Jasonbury,Louisiana,26319,152.496357,87.384794
Jamie Burns,71,90419 Daniel Landing,Brownmouth,Washington,10627,41.197893,-78.4423545
Aaron Herman,28,48296 Williams Stream,Jordanland,Utah,02217,-76.594561,40.9675895
Nathaniel Berry,19,99893 Deanna Cliffs Suite 849,Amyburgh,New York,88009,-175.125155,53.7381105
Brenda Gonzalez,61,986 Julia Junction Suite 925,South Shane,California,39414,-174.418236,-45.540685
Leroy Barrett,50,26272 Poole Stravenue Suite 345,New Christopherview,Oregon,09467,-127.905189,-55.4931505
Robert Allen,89,016 Grant Extension,Kimchester,Indiana,43899,92.812260,66.4625215
Renee Ibarra,67,006 Alexander Island,East Johnstad,South Dakota,88453,111.720744,73.228717
Ashley Price,40,33324 Carla Spur Suite 505,Chapmanstad,Wisconsin,21714,17.198424,25.1044755
Jesse Blake,75,408 Rachel Station,South Kevinport,New Hampshire,90647,-52.382227,47.7136485
Rebecca Brown,36,71870 Charles Harbors,New Raymond,New Hampshire,73433,50.336832,-73.181888
Stephanie Rodriguez,57,068 Spence Mountains,Adrianatown,South Dakota,76898,90.535476,45.8264325
Michelle Farley,52,88269 Samantha Lane,Davisville,Colorado,55751,-170.608501,-21.4594165
Thomas Lewis,25,0143 Powers Turnpike,Port Christineland,Texas,25277,-159.885045,-10.1850225
Katherine Parker,57,48231 Emily Shoal,Lake Elizabeth,Michigan,97076,0.631523,26.626170
Sandra Finley,49,60647 Maxwell Shoals Apt. 118,Mitchellborough,North Dakota,06974,-65.289041,-65.6058825
Samuel Hernandez,70,58085 Gibson Stream Apt. 030,Blanchardville,Oregon,21779,-175.373873,54.2219515
Julie Lowe,34,4501 Teresa Ports,North Cynthia,Iowa,32329,162.928692,15.1857815
Tonya Robinson,58,095 Smith Cliff,South Kaylashire,Arkansas,74341,22.637491,54.5153445
Jonathan Morales,44,1331 Moran Forest,Lake Joshua,Wyoming,52858,-88.144856,88.6571265
David Schaefer PhD,33,33360 Barrett Shores,South Mark,South Dakota,45726,-54.990835,-66.0961155
Mrs. Shelley Madden,37,07122 Poole Prairie Apt. 094,East Dan,Colorado,10047,82.724100,-25.423450
Craig Lopez,65,883 Vanessa Point Apt. 915,East Chad,Texas,74968,-39.820266,27.4446935
Ryan Holder,64,3835 Hensley Extension,North Christine,Colorado,02483,-68.262070,50.831870
Mrs. Alyssa Morales,63,85645 Clark Stream Apt. 970,East Tonya,Illinois,80968,-108.630050,-60.695833
Christopher Thompson,26,39196 Kathleen Dam Apt. 595,North Thomasville,Utah,54547,62.043427,-62.188135
Jessica Rose,22,786 Johnson Canyon,West Rebecca,Iowa,50523,-24.901875,-37.0839385
Anthony Cox,81,540 Todd Corner,Georgeview,Oklahoma,05798,-23.751382,-36.263209
Madison Larson,45,508 Hughes Loaf Suite 467,Austinmouth,Maine,74861,-87.492832,-85.475702
Megan Knapp,77,4300 Clark Freeway Apt. 226,Vincenttown,West Virginia,01744,103.253450,80.138752
Kevin Lopez,61,442 Eric Forest,Alyssamouth,Maine,14603,-26.668257,-11.1869845
Joshua Goodwin,78,74097 Marsh Plaza Suite 981,Ashleemouth,Maryland,26660,20.349863,-79.1291885
Jessica Copeland,78,896 Katherine Dale,East Jeffery,Wisconsin,22514,115.943175,-60.814385
Joshua Johnson,73,062 Jensen Rapid,Nathanville,Kentucky,53336,-7.931708,-74.768077
Corey Davis,27,6923 Steve Trafficway Suite 861,Lake Austin,Iowa,77858,-101.137646,34.4141855
Alicia Perez,71,925 Smith Glens,Drakeport,Arizona,48540,94.464294,1.142944
Erica Riley,64,615 Richard Port,South Rachaelstad,Oregon,66710,167.887782,22.042477
Scott Burton,20,7697 Brandon Way Suite 736,East Troy,Wisconsin,04726,20.419908,-32.663348
Jamie Burns,27,9474 Melinda Islands,Lake Carolynbury,Hawaii,15968,-140.545502,27.625655
Joyce Michael,74,7815 Brent Stravenue,Briantown,Nevada,26123,112.741557,20.3097965
Norman Ballard,58,8100 Weaver Harbor Apt. 552,Morrisbury,Indiana,75145,120.779885,78.7853025
David Brown,51,03467 Alicia Isle,Nicholschester,Arizona,30388,-166.789170,3.042181
Jennifer Atkins,21,6635 Brown Roads Suite 850,Mckayfurt,New Jersey,93565,-14.100253,18.0653025
Michael Boyd,53,239 Amy Crescent Apt. 611,Mollyhaven,Colorado,56741,30.582717,-47.588426
Joseph Mendoza,29,013 Joanna Shore,Lake Jamestown,Hawaii,49801,105.537275,-84.6215545
Tammy Perez,42,50403 Gray Squares,Susanmouth,Maryland,65171,4.506359,42.773104
Jocelyn Jacobs,78,61175 Johnson Parks,Deniseville,New Mexico,85656,121.332970,-1.471126
Brandon Hernandez,30,0975 Charles Roads Suite 059,West Sarah,Colorado,20449,-92.202525,61.0251865
Anthony Elliott,42,239 Matthew Mission,Shawnchester,New Mexico,75437,179.666302,68.289650
James Gonzalez,49,574 Bryant Points Apt. 132,Sanchezview,Indiana,23890,-16.676512,-0.6863105
David Jackson,66,381 Smith Vista Apt. 825,Wallbury,Illinois,60860,53.026024,-65.0975055
Hannah Case,68,993 Angela Bypass Apt. 180,Lovemouth,North Dakota,22206,60.662264,72.628586
John Garcia,30,95936 Kyle Underpass Suite 558,Anthonyburgh,New Jersey,24420,-69.422929,-40.105077
Danielle Lewis,47,06016 Russo Village,Jessicaport,Arizona,12835,19.971835,-15.373044
Kelly Petty,64,61244 Villarreal Orchard,Lewismouth,South Carolina,07235,-99.763725,10.9213305
Donna Moody,78,72882 Samantha Parkways,Michaelborough,Kentucky,35577,174.267514,-76.2613645
Greg Rodriguez,55,6340 Johnny Land,New Kevin,Wyoming,87230,165.701223,-33.272164
Donna Sherman,21,357 Charles Shoals,New Christopherberg,New York,13064,-15.465861,9.1239255
Tamara Anderson,87,736 Andrew Bridge Apt. 521,Susanmouth,Alaska,05055,88.035521,21.968403
Karen Palmer DDS,69,1224 Doris Street,Maryport,Nebraska,28336,-36.093056,20.837302
Justin Wilkins,25,788 Johnson Forge,Lake Christinafurt,Michigan,77423,51.653024,-17.786153
Susan Wallace,45,77545 Crawford Spring Suite 921,Port Corey,Virginia,25686,176.382804,-60.6419575
Gina Brown,36,721 Williams Overpass Apt. 993,Lake Johnnyfort,California,58106,107.845886,-27.628236
Cindy Gonzales,19,82884 David Locks,Hamiltonburgh,Wisconsin,82799,10.030600,-51.713792
Pamela Vasquez,79,541 Christopher Shore,West Lee,Alaska,53753,-149.321933,11.547639
Edward May,45,15836 James Greens Apt. 944,Julianmouth,Utah,51503,61.181853,-59.408268
Heather Harrison,52,339 Anderson Valleys,Frankhaven,Arizona,48580,159.806371,-31.915322
Miguel Jackson,81,419 Gibson Plains,Port Tinaburgh,New Mexico,40014,-139.194640,-12.803594
Amy Rogers,62,518 Woods Streets Suite 078,Kimberlyview,Texas,04823,-124.140547,-76.883534
Jamie Phillips,44,965 Parrish Radial Suite 894,Port Lorimouth,California,24600,-145.202908,-35.612334
Andrea Lang,40,907 Robinson Views,South Paulfort,Virginia,58125,-75.146923,14.8654365
Renee Shepherd,17,48779 French Mountain,New Raymond,New Jersey,67272,147.627738,-17.5926485
Tracy Moore,20,132 James Harbor Suite 948,Port Bianca,New Mexico,75759,74.438686,-23.7258745
Nicole Harmon DDS,65,4997 Gill Mews,Lisamouth,North Carolina,71161,43.664770,-76.8978565
Laura Grimes,17,9024 Tammy Ridge,Port Nicoleberg,Texas,46912,-20.144260,-36.107221
Stacey Wilson,90,7355 Nicholas Roads,Christophertown,New Jersey,87793,125.524706,45.5036455
Julie Lopez,81,532 Booth Lights Suite 844,Port Evanberg,Delaware,12364,-16.408014,0.692502
David Robbins,68,947 Kaitlyn Burgs Apt. 825,Hansenmouth,Oklahoma,38627,1.198504,-73.815546
David Payne,46,32339 Ashley Knolls,Jasonfort,Michigan,02688,-142.850044,59.002354
Alicia Wilson,66,0111 Graham Burgs Apt. 611,Cindyville,Rhode Island,08016,-96.076593,67.7791935
Jacob Erickson,41,714 Allen Rapids Apt. 036,Port Rebecca,Kansas,43468,107.033108,-67.689978
David Conrad,27,023 Christopher Passage Suite 230,Ronaldton,Minnesota,66559,-109.295052,-33.786637
John Ruiz,28,7682 Autumn Mount Suite 022,Daisyfurt,Florida,29183,51.277007,29.364586
Laura Davidson,60,279 Allison Walks Suite 960,Port Randy,South Carolina,24197,-124.448238,67.1422275
Denise Sharp,74,59359 Collins Keys Apt. 509,Port Kaitlyn,Kentucky,62623,86.825562,-3.4157195
Daniel Morris,21,30247 Robert Cape Apt. 935,Stevensview,New Mexico,19830,147.940807,56.8834585
Jordan Harris,52,987 Garcia Trace Suite 127,Port Samanthafurt,Wisconsin,25371,-30.000370,-50.183528
Amanda Cox,62,9242 King Port Apt. 394,Marcusstad,Pennsylvania,98556,-158.959523,48.729587
Greg Middleton,34,406 Schneider Corners Suite 130,Port Lisa,New Hampshire,73282,112.186788,-12.312594
Nathan Yates,36,367 Kerry Stream Apt. 751,West Frankfort,Virginia,89572,75.815707,-72.8016765
Jeffrey Quinn,58,220 Brandon Squares,South Jessicaton,Nevada,02418,-163.950937,-41.6042925
Stacie Fritz,24,10507 Meghan Plains,New Benjamin,New York,86873,43.620476,-2.2812095
Ashley Garcia,75,79091 Jacobson Ford Suite 185,Jenniferland,South Carolina,12103,140.646591,-7.774289
Brandy Whitehead,62,1242 Jones Greens,North Kathyville,Louisiana,38947,126.193363,60.666242
Benjamin Turner,54,892 Acosta Extensions,Hawkinsbury,Louisiana,93338,-12.228784,46.5877355
Eric Singleton,24,13197 Rhonda Lakes Suite 616,Wrightside,Iowa,10888,56.885334,6.0334115
Daniel Brady,77,292 Johnson Spurs Suite 691,Hernandezshire,North Carolina,51100,-44.335247,50.7905165
Kelly Taylor,77,9326 Matthews Track Apt. 029,Andrewstad,New Mexico,17750,-24.525445,-40.8140335
Nancy Harris,50,63682 Holmes Estate,Jamesbury,Maine,55034,-76.070478,-0.2495315
Devin Willis,84,8384 Ruiz Stream Suite 642,Stevenville,Michigan,04644,-18.368090,57.0077715
Brian Sims,53,68190 Gross Shores Suite 635,Reillytown,Maine,04799,-59.066285,48.7792655
Mackenzie Smith,15,0698 Walker Causeway,Jessicastad,Louisiana,74703,142.733109,-18.707882
Hannah Rios,65,3725 Powell Valleys,Derekbury,Georgia,80137,31.178156,-8.6773305
Carla Miller,37,41411 Cohen Glens Suite 442,East Toddmouth,Oregon,17511,75.072079,-11.361572
Darrell Gonzalez,76,70956 Tommy Plain,Roberttown,Kentucky,07559,-80.034427,-45.486290
Christy Martin,57,4992 Gary Street,North Carlosburgh,Rhode Island,21340,-11.454018,49.6577255
Nicholas Ramirez,29,2782 Anderson Cape Suite 962,Walshton,Tennessee,35555,127.904446,66.4633405
Darlene Greer,74,21960 Johnson Inlet Suite 973,Port Danielle,Massachusetts,61121,-128.596812,-33.8342505
Katherine Knight,38,58621 George Road Suite 358,Staciefort,Washington,44583,-155.171549,44.625613
Sabrina Clark DDS,45,033 Williams Cove,West Zachary,Alaska,75624,-154.884046,-60.553542
Jacob Finley,29,055 Thomas Drive Suite 361,West Maria,Alabama,74134,-24.043562,-50.978755
Julie Mayer,90,11230 Woods Vista,Mejiaton,Maine,64368,50.726939,-13.883526
Jody Jones,79,737 Monica Forest Apt. 945,Port Alexander,Iowa,48763,168.776918,50.836344
Andrew Kaufman,90,845 Rachel Isle Apt. 798,Haneyside,Alaska,83612,-102.558355,77.313649
Joshua Lee,30,963 Jacobs Tunnel Apt. 249,Port Shannonside,Virginia,36975,174.058790,41.0311725
Christina Green DDS,64,52024 Ryan Shore Suite 050,Port Robertshire,Wyoming,23703,-91.592383,-58.6413495
Mariah Hughes,19,9292 Robertson Glens,South Angela,Pennsylvania,57773,-129.603069,-72.2516435
Tammy Park,29,82472 Foster Burg,West Michael,Indiana,52391,-154.330693,-20.1983105
Collin Silva,45,937 Holly Terrace,Andrewborough,Kansas,64316,-70.710928,-28.8409345
Shane Evans,83,918 Savage Corner,West Meghan,Rhode Island,93556,-41.759848,-86.291042
Kelly Harris,33,9766 Nancy Spur,Lake Lisafort,Iowa,67251,-131.530813,3.264069
Robyn Jones,64,0570 Klein Bypass,Erikview,Alaska,80970,-116.144673,33.3883175
Jay Skinner,82,7805 Christopher Extension Apt. 724,West Lori,Louisiana,30837,-94.494825,-80.139782
Elizabeth Harrison,38,3760 Jennifer Springs,Steeleview,Nebraska,87007,70.116271,-30.877377
Tammy Hicks,58,80110 Harold Causeway Suite 297,Reedmouth,New Hampshire,92841,106.534314,-4.586199
Melanie Knapp,34,614 Lopez Viaduct,Nicholsmouth,Tennessee,64222,125.530131,0.654938
Jennifer Gray,74,6804 Holland Glen,Scottview,Vermont,09811,-60.210582,16.596616
Diane Hood,70,7202 Mcconnell Course,Ashleyhaven,Hawaii,52937,15.918515,45.414056
Paul Brown,78,5392 Angela Overpass Suite 219,South Daniel,Arizona,69119,-173.587705,0.638427
Heather Clark,40,673 Cole Spur,Port Christina,Arizona,21807,105.395222,73.592637
Sharon Alexander,22,70097 Julian View,Ericbury,New Mexico,90571,157.384552,-42.428757
Karen Castillo,40,887 Jimenez Ports,Jameston,North Carolina,01129,24.166233,10.343008
Catherine Soto,31,39066 Dustin Estates,Lake Sean,New York,77475,-158.887629,-65.980735
Brian Reed,60,6772 Rachel Fork Apt. 808,New Scott,Florida,60874,116.882861,-12.2737045
Dennis Perez,64,1504 Brent Forge,Port Lisamouth,New Hampshire,42567,49.354035,-14.6610295
Gabriel Shepherd,55,86890 Randall Hill,North Christopherberg,Arizona,26426,-89.689925,-88.3603315
Robert Aguilar,15,92405 Warren Fords,West Ashleychester,South Dakota,99231,-45.714668,-2.129055
Donald Sanchez,27,2515 Ramsey Groves,Levishire,Iowa,18195,-77.090556,-16.249769
Richard Boyd,38,603 Ruiz Forge,East Theodoreshire,Minnesota,41002,89.419245,10.5496525
Brittany Garcia,86,9803 Leach Lodge,Denisemouth,New Mexico,97569,-139.185841,-59.244211
Patricia Poole,57,78489 Garrett Flat Suite 468,Debrahaven,Mississippi,31196,19.490759,24.810540
Antonio Hobbs,38,41749 Wilson Junctions,Smithchester,Iowa,05578,135.058828,5.4584555
Emma Mosley,87,44806 David Key,Smithtown,Mississippi,09585,116.043908,-79.6579115
Karen Berry,17,845 Ashley Dale Suite 593,Woodton,Indiana,80484,-78.484766,14.8912025
Nicole Wheeler,41,1226 Bates Orchard Apt. 816,West Alexiston,Illinois,87271,-101.688950,-21.505385
Kelly Jordan,85,83637 Adams Route Suite 503,South Elijahport,Hawaii,29844,-106.039831,-24.4772865
Tara Anthony,53,241 Daniel Spur Suite 613,Willisside,Indiana,13388,-159.133751,17.717180
Jonathan Romero,49,713 James Vista,Johnbury,Utah,74762,103.553969,84.3648965
Mary Miller,63,36858 Blevins Island,New Tyler,Maryland,78514,-155.577164,-61.298932
Willie Shaw,52,86473 Osborne Parks,North Henryport,Arkansas,86105,151.432788,51.277139
Stephen Beck,47,36568 Antonio Heights,Jessicamouth,South Carolina,18756,-73.448635,56.9864655
Lisa Nelson,78,5482 Cook Cape Apt. 679,North Johnfort,Nebraska,01590,16.145954,24.638436
Casey Bryant,77,71095 Lori Vista Suite 484,Derekport,Maine,51969,148.530047,-38.815425
Michael Miller,70,96591 Jonathan Park,East Kurt,Rhode Island,65071,60.041860,52.632915
Patrick Brooks,37,1703 Stephanie Mill,Morganshire,South Dakota,46488,22.129341,77.7835795
Jason Martinez,56,943 Wells Valleys Apt. 469,Harrishaven,Massachusetts,42876,-127.953107,-67.3290505
Jennifer Parker,59,348 David Mountain Apt. 214,East Jesse,Georgia,93976,-159.955423,27.776496
William Lloyd,53,1144 Fry Lodge,West Robertmouth,Ohio,52936,150.421854,-55.5851285
Sara Foster,85,55953 Burns Lodge Apt. 413,North Joelmouth,Maine,82696,106.106203,-43.9513535
Kaitlyn Wright,55,8255 Newton Rue Suite 017,Byrdmouth,Nebraska,55774,57.962008,0.582585
Patricia Vega,44,5806 Wright Extensions,Kellymouth,Pennsylvania,37666,22.734201,-17.706294
Jasmine Roth,86,399 Brown Cove,Jonesshire,North Dakota,50433,112.697641,-25.6574285
Roger Mccarthy,15,5011 Johnson Camp Apt. 038,Lukeport,Maryland,12717,-128.975655,-84.058834
Scott Williams,21,6597 Lopez Spurs,Lake Richard,Arizona,04967,-101.288590,46.813686
Yesenia Foley,34,6623 Clark Heights,Harrisview,Texas,82520,111.816138,-70.2256175
Caroline Peterson,17,3750 Victor Stream,East Richardborough,North Carolina,67121,-115.942761,-68.2682565
Cameron Rodriguez,24,631 Jenkins Place,Port Mary,Mississippi,94038,171.241453,-58.712464
Steven Lopez,89,6294 Gutierrez Spring,North Ashleybury,Indiana,42851,-176.409463,82.1605675
Wesley Howard,36,971 Bright Ways,Jamesbury,Maine,36855,-58.469736,75.389889
Dillon Davidson,45,4969 Michelle Cape Apt. 670,Port Shannonhaven,Iowa,86487,-137.784297,-43.2134255
Rachel Jensen,56,8756 Rachel Mills,Wilsonburgh,Maryland,91731,8.992965,-5.214342
Paul Quinn,61,33871 Erin Brooks Apt. 142,Justinside,New Hampshire,22667,75.233161,9.600005
Gabrielle Rollins,39,044 Wilson Brooks,Chadtown,North Dakota,39626,-86.278653,-70.6729565
Steven Cook,65,237 David Plaza,South Jessica,Hawaii,19446,-131.848455,-54.7022255
Patricia Vazquez,40,7594 Smith Road Apt. 670,East Paul,Kansas,56618,173.748429,24.8790425
John Petersen,42,4035 Cynthia Grove,Walkerview,Alaska,04968,32.994280,-64.2759665
Erika Rodriguez,88,51335 Denise Hills,East Richard,Maine,53275,-159.117453,-26.357689
Julie Jackson,27,99360 Christopher Springs,West Matthewberg,Kansas,22877,96.358269,-17.9326465
Pamela Jones,35,94200 Raymond Glen,South Michelle,Alaska,82105,33.095996,-45.914656
Justin Daugherty,85,3184 Williams Corner,Millerchester,Utah,96394,-129.263156,28.1184025
Steven Thompson,70,72808 Andrews Skyway,South Christopher,Iowa,47874,-107.178137,-4.788650
Alicia Hayes,53,909 Laurie Plaza Suite 521,Smithfurt,Montana,08154,-90.191078,72.532335
Michael Todd,72,0189 Hughes Wells,West William,Wyoming,29584,-94.908777,46.7128955
Adam Baker,41,8442 Kari Mountain,North Nicole,Washington,03460,168.027533,-47.903941
Kenneth Keller,25,66938 Taylor Flats,Lake Benjamin,Kansas,82164,178.514972,17.442927
Austin Hall,68,404 Kelly Prairie,Wilsonville,Oregon,08978,-112.912562,-40.069913
Christopher Williams,86,4951 Kristy Overpass,South Cathystad,Florida,86433,-91.778308,57.690502
Joshua Lewis,32,621 Green Creek Suite 275,North William,Oregon,13157,74.284168,-11.781904
Wendy Ellis,81,60547 Hayes Cliff,Burkeborough,Virginia,17592,100.901657,-5.587795
James Gould,34,345 Jeffrey Ridge,West Justinshire,Louisiana,22254,-94.512718,-29.361012
Amy Garcia,89,5068 Daryl View Apt. 108,Port Charlotte,Alabama,74764,-13.189302,-1.950997
Melissa Thomas,27,5004 Strong Trail,Bruceport,Maine,78685,119.988725,-45.090917
Mary Harris,24,9476 Christopher Knoll,Ibarrashire,Delaware,91951,-48.930947,52.423121
Gerald Lawrence,32,177 Boyd Forge Suite 331,New Chad,Utah,08018,55.598965,14.2358195
Jacqueline Buchanan,88,5080 Peter Estates Apt. 687,Brendafurt,Arkansas,16521,-83.098042,-21.230959
Pamela Cooley,81,5348 Brown Crossing,West Daniel,Maryland,23885,170.651784,-89.3473595
Tracy Torres,65,025 Jacqueline Station,Lindseyton,Florida,89836,-152.328965,-45.204033
Christopher Phillips,31,637 Matthew Road,Katherineshire,South Dakota,37322,-171.598380,86.371132
Alec Cole,56,54836 Melissa Street,East Patrickmouth,New Mexico,37899,177.612500,-49.8597315
Steven Barrett,41,00503 Davies Villages,North Justin,New Hampshire,41649,91.351107,-39.8363165
Julie Hansen,84,07561 Bond Road,Deannaside,Texas,86169,79.607697,-8.3185445
Corey Snyder,37,26313 Abbott Circles Apt. 040,Port Joshuaton,Washington,15629,-149.291307,-50.2842345
Timothy Owen,77,849 Jane Isle Apt. 874,West Mitchellport,Utah,02345,108.222127,-83.1907205
Samantha Hayes,23,5707 Rebecca Skyway Suite 796,South Emilymouth,California,57223,-70.012428,62.4992455
Bridget Alexander,79,91009 Gomez Ville Suite 146,Port Brendan,Arkansas,62177,39.789570,-2.373983
Stephen Warren,27,7704 Williams Shores Apt. 281,Port Omar,Arkansas,93631,-77.953603,-44.665455
Cameron Mcgee,87,55811 Foster Springs,Lake Kimberly,West Virginia,59613,-168.887195,-25.4302295
Whitney Cruz,23,57713 Jennifer Unions,Davidtown,Alaska,45263,68.629362,-14.754502
Travis King,42,15589 Stokes Springs,East Sara,Minnesota,02635,-157.343301,-22.377484
Brian Smith,40,316 Kristi View,Porterfort,Wyoming,70626,-158.570289,49.598855
Kenneth Riddle,87,51666 Kathryn Cliffs,Englishville,Nevada,86302,-148.725700,-33.719986
Jade Mccoy,77,19024 Maria Junctions Apt. 162,Jessicaville,Tennessee,62983,5.185165,-75.9941805
Sarah Boyd,44,32295 Erin Shoals,Taylorview,Montana,12251,-132.058415,40.0971795
Karen Mason,60,56570 Allen Centers,Mayerland,Alaska,00932,-41.838868,-16.598705
Leslie Wright,69,76883 Weber Underpass,South Kenneth,South Dakota,40126,-117.222701,80.6384115
Carol Turner,46,156 Mills Port,Cynthiafurt,Pennsylvania,27605,65.772699,-1.8756645
Darrell Wood,48,585 Davis Turnpike Suite 740,Lake Andreaville,South Dakota,03796,-31.065160,20.724013
Adam Turner,23,99118 Lauren Fork,Lake Amyview,Illinois,79118,5.751418,54.4324705
Holly Fuentes,25,6081 Hunt Canyon Apt. 290,Woodchester,Arizona,36460,44.346794,15.823726
Patrick Reyes,25,06454 Cindy Knoll,South Victoriaburgh,Missouri,76231,-25.783083,6.225505
Jennifer Wilson,17,133 Sanchez Park Suite 785,East Ashley,Minnesota,99080,-105.759686,-53.9953415
Samantha Harris,82,14293 Gordon Field,Lake Kaitlynville,Alabama,46550,123.821920,66.215195
Timothy Gates,80,150 Meagan Fields Apt. 025,West Manuel,Alabama,71367,-107.513320,20.874659
Kimberly Hicks,78,04986 Martin Extensions,South Christopherberg,Montana,53025,-89.437045,52.4401135
Erik Horton,23,11541 Horne Hill,East Rachelhaven,Arizona,68274,6.730737,14.612979
Miguel Brown,66,21337 Tina Views Apt. 257,East Robert,Kansas,93702,177.810716,-68.814324
Adrienne Elliott,34,160 Christine Highway Suite 403,North Kristopher,South Carolina,08700,-121.196149,-61.028547
Diana French,75,020 Samantha Fork,Lewisberg,Wisconsin,99177,-158.009666,85.9923835
Kimberly Beck,90,73398 Beth Mountain,Port Laura,Maine,93230,45.594306,17.4201485
Shannon Reeves,41,60120 Mccullough Lane Apt. 236,Whitneychester,Minnesota,53375,-59.509536,-76.369133
Stacey Brown,55,3412 Warren Manors,South Frank,Nevada,75430,-113.704494,72.9863575
Tina Reyes,83,1100 Kaitlyn Coves,East Jacquelinestad,Oregon,56229,77.496237,35.380935
Christina Reyes,64,889 Thomas Springs Suite 683,Reedburgh,Indiana,11588,11.525544,70.501108
Kimberly Patterson,30,84750 Elaine Causeway Apt. 416,Simmonshaven,Maine,66300,-142.442905,-60.490737
Jonathan Moran,38,32876 Levi Row Apt. 485,Port Markstad,Maine,39545,36.767101,64.8431015
Timothy Davila,44,123 Tina Rest Suite 219,Port Margaretborough,Alabama,59105,133.553358,18.9201065
Randall Wilson,48,035 Benjamin Skyway Suite 010,Jacktown,Oklahoma,86541,-76.851387,-73.318706
Justin Williams MD,56,015 Julie Ports,Parksmouth,Maryland,61240,-36.942271,80.015542
Jacqueline Rios,27,634 Jimenez Knolls Suite 816,East Kimberly,Nevada,38786,-35.196461,-69.3126745
Amanda Cantrell,57,879 Armstrong Springs Apt. 057,West Joeburgh,Maine,41205,99.518974,-52.687699
Jessica Myers,75,5535 Morrow Plain,Powellmouth,Georgia,56066,-127.868772,-44.7223715
Glenn Parrish,60,597 Kari Mission,Lake Dianehaven,Oregon,17644,2.748147,-52.090928
Michael Bailey,30,420 George Springs Apt. 515,West Samuel,New York,48213,-31.617173,-31.634479
Jerry Carter,34,15655 Nicole Rapids Apt. 113,Jamesburgh,Arkansas,84930,-84.150004,48.2695465
Connor Watson,53,210 Beck Manors,Jaredport,California,81380,-69.323290,11.1534675
John Davis,17,06602 Jackson Mountain,Lake Thomas,Minnesota,44343,-166.948992,1.180020
Dylan Coffey,25,57950 Elizabeth Row,Chenstad,Maryland,25093,-15.066714,29.0842125
Dr. Craig Gutierrez,63,13125 Foley Wall,Jenniferland,North Carolina,42634,124.122986,-43.992608
Miranda Martinez,16,08870 Andrew Bridge,Jacksonview,Mississippi,32357,40.482299,-17.378619
Rhonda Villa,63,6252 Anthony Land,Phillipside,Virginia,67587,-85.676276,-74.312176
Tonya Suarez,68,642 Mclaughlin Mews,Carolbury,Mississippi,05889,58.613328,58.7706175
Kelly Herrera,52,8256 Casey Viaduct,Alexberg,Ohio,16513,-19.558146,5.0372015
Thomas Mclaughlin,50,83340 Lee Heights,East Norman,New Hampshire,74735,-91.945291,11.092979
David Robles,86,3594 Ronnie Estate,New Nicole,Louisiana,93020,14.360822,43.789403
Rick Carter,89,0833 Jackson Forks Suite 235,Toddhaven,Louisiana,22112,-36.544916,22.6798935
Peter Young,90,307 Mejia Creek Apt. 954,Riceland,Massachusetts,82405,-147.781209,25.667380
Anne Daniels,41,44213 Vanessa Ramp Apt. 837,East Jeffreytown,Georgia,28218,75.303656,25.859285
Joann Robinson,50,221 Hampton Ridge,Briantown,California,39897,-14.331283,-53.230177
Connie Chambers,55,8105 Richard Manors Suite 406,Strongstad,Nevada,37360,-99.971826,-3.556247
Shelby Rodriguez,78,36047 Taylor Turnpike,Bradleyland,New Jersey,83150,91.691205,16.4773645
Jennifer Drake,88,377 Eric Row,West Susan,Connecticut,88015,75.374251,83.2094195
Jose Nelson,32,7623 Joshua Squares,Port Cassidy,Massachusetts,38467,139.272070,60.464148
Alice Martinez,62,63570 Michelle Estates,New Latoya,Iowa,58538,-36.450816,63.931264
Pamela Thompson,67,3989 Harris Spurs,West Tara,Wyoming,70743,-139.244348,68.0265075
Travis Hill,19,729 Erica Shore Apt. 095,Sanchezside,New Mexico,06585,-164.974777,29.9655025
Thomas Merritt,84,70129 Ramos Pike,Richmondfurt,North Carolina,61414,-40.858128,63.572377
Dr. Jack Lee,68,33398 Abigail Center,Harrisberg,Oklahoma,21814,144.446527,1.814081
Desiree Owens,18,9920 Gibson Burg,South Jessicamouth,Mississippi,26111,-58.371540,23.122299
Kevin Rodriguez,88,724 Daniel Manor,Washingtonbury,Wisconsin,21863,128.628195,14.9085665
Jeremy Cooper,48,16351 Evan Parkways,West Sarah,Nevada,97583,140.932688,12.2938355
Cheryl Smith,31,71350 Heather Haven Suite 196,Shermanville,Utah,75593,-17.858676,-67.7360775
Joanne Wright,15,02347 Nicole Forks,East Patriciastad,Maryland,93003,142.855281,15.225901
Dr. Melissa Steele,68,389 Kathryn Crossing,North Patricia,Alaska,37614,177.495139,60.084209
James Martinez,74,013 Vincent Mount Suite 586,Alexandrachester,Montana,20078,-11.074064,-44.061818
Laura Allen,79,22508 David Station,Katrinaburgh,Ohio,54084,35.398437,27.655969
Shawn Pena,77,95405 Laura Centers,Freemanmouth,Ohio,38473,-0.774405,53.4760565
Vincent Duncan,70,6061 Chelsea Street Apt. 099,Port Douglas,Oklahoma,27987,-165.845927,-72.6650295
Lisa Ellis,54,96619 Teresa Rest Apt. 503,Morganbury,New Jersey,67597,-140.997310,52.003695
Laura Perez,36,06662 Brown Garden,New Elijahport,Massachusetts,58662,18.259022,-12.342482
Jeffrey Parker,20,277 Richard Highway,South Curtis,Oregon,70117,-69.704722,62.5964815
Jonathan Johnson,44,713 Stewart Viaduct,Lake Victoria,Tennessee,94166,70.115898,-37.9397735
Alicia Crane,85,7960 Farrell Crossing,South Brucemouth,Idaho,33689,-124.472360,-80.5635775
Melissa Pena,38,3708 Antonio Prairie,New Mark,Wyoming,82316,-34.836617,38.075383
Madeline Browning,83,7112 Ferguson Ports Suite 000,Thompsonhaven,West Virginia,56781,-135.966008,35.955159
Adam Jensen,73,2561 Mcmahon Falls Suite 688,Stevensonmouth,Alaska,77313,134.778819,64.339062
Matthew Browning,48,29050 Nancy Circles Suite 961,Larabury,Kansas,53319,131.962353,-33.863653
Courtney Murray,21,545 Williams Gardens,Hornstad,Iowa,67036,51.518882,-32.569926
Ann Morris,62,5493 Hebert Harbor,South Maureenhaven,Pennsylvania,39980,56.223115,46.0873035
Richard Glass,46,2177 Ray Crossroad,Carriestad,Montana,55931,-66.183702,55.401951
Michael Brown,25,377 Wayne Loop,Lake Randy,Wyoming,19516,-165.677377,7.765004
Ashley Perez,18,4658 Hunt Greens,Andrewport,Kansas,89397,-90.577691,28.2018245
Brett Fisher,41,98793 Steve Causeway Apt. 435,Sharonfurt,Ohio,11372,-40.692578,62.5162905
David Hernandez,41,99958 Morales Views Apt. 420,Timothyfurt,California,07277,33.092088,-58.9541635
Paul Mendez,63,063 Fox Cliffs,East Stevenmouth,Iowa,73343,92.872292,19.5237365
Keith Webster,88,0417 Sutton Shores Suite 098,Lindseyburgh,Connecticut,55085,-82.789064,61.441740
James Doyle,46,828 Harper Extension,New Lori,Nebraska,83791,126.100571,5.380353
Janice Davis,17,2692 Todd Points Apt. 498,Walkerburgh,North Carolina,65031,43.382785,6.674167
Stacey Beck,77,63984 Olson Plain,Port Kathyfurt,Rhode Island,89787,-108.889283,-79.547892
Linda Sims,66,81483 Trujillo View Suite 721,West Christinefurt,South Carolina,24495,27.180109,-18.884329
Christian Hamilton,58,61595 Clayton Harbors Suite 735,Whitestad,Rhode Island,72276,177.147205,56.4993965
Charles Schultz,55,81010 Grace Islands Suite 566,Johnfurt,Delaware,19447,-124.216540,46.0241165
Angela Williams,63,33410 Mckenzie Terrace Suite 200,Jennifermouth,Hawaii,14839,56.982107,4.203072
Christopher Hampton,83,706 Mccoy Cliff Apt. 135,East Danielleborough,Massachusetts,67216,12.055014,-67.530556
Curtis Maldonado,79,75052 Sandoval Groves Apt. 321,Craigshire,South Carolina,95173,-24.168000,-12.976395
Matthew Hernandez,63,1672 Jonathan Island,South Monique,New Mexico,22952,-128.218609,33.589468
Deborah Elliott,20,48030 Calvin Tunnel,Dominguezland,Oregon,45828,146.497191,46.3869855
Jason Valdez,75,15444 Walker Divide,Garciaport,Arizona,76733,175.998313,34.1895045
Adam Carroll,56,113 Jarvis Plains,Meganville,Rhode Island,22483,96.298800,-1.4537625
William Solomon,75,909 Flores Islands Suite 664,Cooperbury,Colorado,23011,171.381422,44.640302
Michael Massey,53,56458 West Drives,Margaretport,West Virginia,95585,-117.150021,-86.163800
Christopher Sherman,77,045 Harrington Shore,New Lindsey,Colorado,09565,44.345083,22.745988
Amanda Byrd,53,321 Frank Garden Apt. 387,Christopherhaven,Rhode Island,89050,103.910695,3.060736
Jessica Glover,81,40374 Allison Valleys Suite 125,Fieldsstad,New Hampshire,05628,38.416960,-41.7666535
Christopher Lindsey,50,9663 Cheryl Cliffs Suite 397,Aprilshire,Arkansas,56916,60.751656,15.6765015
Heather Martin,15,335 Dana Valleys Suite 214,Lake Terrancetown,New Mexico,60815,-61.127286,19.2081955
Melissa Solis,47,182 Paul Rapid,North Jason,Virginia,57979,109.320700,46.7097365
Desiree Richardson,64,74780 Carrillo Courts,Steinfurt,Rhode Island,38363,57.134791,30.8740035
Jonathan Velez,77,4842 Torres Keys,North Stephen,Rhode Island,60413,148.198753,-63.2134345
Billy Greene,72,600 Middleton Knolls Apt. 469,Port Elizabethhaven,Maryland,20503,-27.170321,21.526563
Michael Butler,82,78577 Martin Harbors,Michaelchester,Missouri,29771,141.483216,-30.155196
Scott Williams,31,63661 King Place Apt. 581,Veronicaton,Massachusetts,40840,-76.177189,-44.2375595
Rhonda Williams,20,081 Crystal Valley,Williamstown,Connecticut,96625,-85.805088,58.065748
Jordan Vincent,72,9104 Walters Dam Apt. 807,Michelleburgh,Delaware,01747,97.190342,-14.7317435
Michael Harris,50,227 Morales Spring,Sanchezburgh,Tennessee,38606,-162.596656,-44.8616915
Mary Berry,31,91131 Sanchez Lodge,Mitchellstad,Idaho,80267,-137.166376,-28.3684025
Jeffrey Payne,26,172 Cynthia Inlet,North Johnport,Louisiana,69441,30.510119,49.0417015
Andrew Clay,21,9996 Nathan Stream Suite 013,Jillberg,Idaho,34359,123.895482,46.9139875
Matthew Baker,44,278 Alexander Plain,Hughesstad,Kansas,92807,-106.149144,26.360059
Kendra Green,37,4321 Juarez Branch,South Staceychester,Virginia,80434,92.750386,-24.334060
Lindsay Jones,21,5952 Christopher Center Suite 137,Brownfurt,Washington,83795,108.527652,85.6024125
Timothy Sanders,37,73515 Sanchez Manors Apt. 066,Huntfurt,Washington,76024,-42.298403,87.7715675
Samuel Weaver,83,94578 Pamela Inlet,Connerfort,Nevada,72174,25.989351,34.081636
Steven Anderson,20,394 Garcia Parks Suite 565,East Evan,Massachusetts,89714,4.007227,-55.728451
Edward Miller,18,2949 William Camp Apt. 218,New Diana,Georgia,58487,23.379638,-41.0640365
Dawn Smith,22,83302 Anthony Burg Apt. 562,Millsfort,Vermont,67574,-66.808735,-87.7575555
Megan Watson,49,863 Brett Forest,Port Tracy,Illinois,99170,45.675997,-84.873283
Alexis Boyd,54,435 Brianna Centers,East David,Ohio,77481,95.198992,-11.408928
Richard Johnston,16,448 Erika Parkway Suite 555,Ramirezbury,Louisiana,95451,125.196614,-71.9611765
Patricia Park,81,48773 Mark Spurs,Christensenberg,Illinois,80113,-120.712135,25.607795
Danielle Hopkins,84,313 Turner Lane Apt. 610,Port Nicholas,Ohio,92744,-117.438299,59.7677955
Mrs. Amanda Wolf,17,15715 Cynthia Walks,West James,Hawaii,61931,-124.963801,76.525826
Earl Greer,68,7508 Jon Stream,Jennifermouth,Nebraska,98983,18.443059,-88.692000
Tiffany Chavez,52,321 Colleen Fords,East Melvin,Idaho,17426,-146.688886,3.9398075
Stephen Rogers,62,898 Ryan Unions Apt. 501,Christinaborough,Colorado,25201,-115.030374,22.686457
Dawn Hampton,79,851 Griffith Fall Suite 654,Lake Lauren,Nevada,84777,-70.627655,81.057581
Christopher Weaver,50,50526 Kelly Prairie Apt. 961,Foxtown,New Mexico,33282,64.161923,22.3035825
Jennifer Joseph,21,099 Graves Place Suite 982,Rogersmouth,Connecticut,94600,-85.302934,20.7584125
Willie Johnson,76,116 Diana Shore Suite 108,Port Donald,Illinois,48083,-168.217347,-46.7250885
Lance Martin,30,72224 Brown Camp,New Natashaview,Montana,71050,95.347060,-58.843520
Rebecca Reed,35,02771 Bryan Pine Suite 443,Lorimouth,Michigan,64639,-60.467245,-42.2128605
Becky Paul,59,0563 Greene Ville,New Matthewville,Minnesota,85832,27.630022,-61.6222025
Tiffany Eaton,57,550 Page Gardens,Angelicabury,South Carolina,50226,178.188510,73.008623
Samantha Stafford,58,305 Nicole Ridge,Weaverborough,Louisiana,19090,22.279212,34.486288
Keith Obrien,54,1305 Justin Ranch,West Jordanport,Vermont,14699,-133.799325,47.1438475
Lauren Wolfe,53,928 Woodward Harbor,Port Cynthiashire,Connecticut,89568,143.240884,-32.032289
Molly Santana,28,5200 William Land,Tapiaburgh,Utah,15296,169.529408,84.0752075
Kelly Taylor,46,17199 Nixon Ports,Lynchport,Delaware,85305,155.013610,73.6565375
Ashley Haynes,28,2840 Stephanie Summit,North Steven,Tennessee,89616,-32.782438,-80.174132
David Dunlap,31,070 James Village,New Robin,California,85448,-12.192276,1.5267345
Jennifer Wright,85,4771 Jessica Inlet Suite 850,Lyonsland,Maryland,86424,-61.151266,-16.3473455
Catherine Brown,48,15075 Anderson Village Suite 042,Lake Ryan,New Mexico,65349,-4.646246,74.8533595
Rebecca Montoya,47,7666 Santos Manors Suite 044,North Peter,West Virginia,05655,134.285708,-18.692045
Thomas Taylor,45,0431 Paige Inlet,Port Keithside,Indiana,07300,126.120367,-39.646341
Michelle Watson,37,7145 Danielle Tunnel,Port Lauraside,Nevada,25705,-105.511186,-15.313975
Mary Phillips,22,535 Watson Islands,East Jenna,Illinois,95881,-19.400088,-21.8902895
James Woods,55,7067 Brown Rapid,Port Gregfurt,New Mexico,60875,-105.094419,-83.4223355
Sarah Webb,22,604 Duran Divide Suite 223,East Michael,Wisconsin,87916,176.743790,-49.8815355
Christina Rodriguez,15,478 Charles Port,West Patriciastad,South Carolina,88441,-86.640545,-87.472469
Matthew Holland,88,496 Kimberly Meadow,East Jessica,Wyoming,98385,-36.945597,-52.4310295
Brandon Zamora,25,0769 Jacob Courts,Janeburgh,South Dakota,54754,-4.996224,84.5366655
Jeffrey Lawson,18,30039 Banks Plaza Apt. 826,Russellhaven,Missouri,40370,171.222995,-69.9434755
Debra Hayes,44,5198 Stevenson Lane Suite 335,Port Davidview,Indiana,47970,84.366832,-6.8670095
Julie Hess,20,835 Drake Stravenue,South Katherine,Ohio,70824,137.494341,33.5734105
Jared Brown,16,5942 Ochoa Forest,Rivasview,New Mexico,16187,156.471420,-89.575766
Emily Smith,82,29734 Patricia Center,West Jacobland,North Carolina,34457,-28.360428,60.756994
Jeffrey Burns,85,32337 Diaz Stravenue,East Charles,Washington,52891,162.187138,-50.967330
Audrey Fox,90,69493 Barnes Crossroad,Lake Christopher,Colorado,46683,26.853732,-1.346632
Keith Campos,46,53218 Julian Forge Suite 888,Pollardburgh,California,69239,74.016753,8.4884325
Teresa Hughes,40,41276 Matthew Cliffs Suite 667,Kevinborough,North Carolina,20949,21.660984,33.6866635
Hunter Campbell,17,977 Patrick Streets Apt. 571,Andersonville,Montana,52163,24.839297,-9.227118
Bradley Humphrey,79,845 Misty Islands,East Annmouth,Louisiana,19718,-151.365340,56.1019125
Meagan Mendoza,45,8602 Glass Curve,Williammouth,North Dakota,94033,-147.761035,-73.0222505
Manuel Downs,86,962 Hannah Views Apt. 833,Carriestad,Texas,82471,-129.930255,-7.6958615
Elizabeth Ferrell,47,11839 Robert Roads,Baileyland,Oklahoma,65630,172.607804,23.905583
Kristie Wilson,81,237 Miller Junction Apt. 660,Lesliefort,North Dakota,43599,-163.435357,-33.5956555
Jennifer Smith,87,476 Torres Flats Apt. 432,Meyersfurt,Iowa,13692,-86.589215,-26.5514545
Amanda Gordon,51,00179 Sarah Burg Apt. 236,East Sandraberg,Missouri,25566,-3.982890,8.722284
Emily Gonzales,77,29247 Amanda Mission,Christopherhaven,Virginia,88811,106.422939,71.2173445
Krista Bradley,60,101 Vega Garden,West Laurashire,Alaska,85141,3.783406,-79.861320
Ashley Walker,77,13580 Lowery Estate Suite 833,Ballbury,North Carolina,74412,-149.611975,18.8498675
Jessica Randolph,57,3509 Julie Drive Apt. 576,Craigmouth,Maine,25035,-103.572189,31.739084
Jeffrey Petersen,63,8283 Kelly Lodge Apt. 715,North Allisonport,Tennessee,68518,91.279375,-14.682769
Barbara Brown,23,272 Brian Springs,South Brandystad,Wyoming,84373,-87.800670,69.2698965
Alexa Miles,86,17452 Griffin Prairie Suite 008,Robinsonmouth,Kentucky,85268,61.338170,-8.823561
Vernon Potter,20,52770 Tucker Springs Apt. 536,North Albert,North Dakota,96919,-111.407834,13.1834575
Kevin Butler,64,8058 Glenda Park Suite 265,West Kimberly,California,43200,-82.176740,83.9045535
Carol Wilson,36,797 Horton Landing Suite 398,Cardenasberg,Minnesota,27452,54.144133,-54.505959
Megan Robinson,85,2679 Rice Tunnel Apt. 522,Joshuaview,Arkansas,61817,-85.802401,45.822891
Marilyn Jones,88,0969 Wood Meadows Suite 736,Aprilstad,Ohio,11926,116.847382,-60.0459725
Lucas Wood,75,2934 Luke Isle,Chelseahaven,Alabama,63246,111.352058,56.985768
Thomas Harrell,60,45075 Oscar Lakes Suite 694,Kellyburgh,Iowa,66262,-146.916187,43.1352875
Steven Adams,81,89332 Hudson Port,East Ericchester,Indiana,91752,61.972414,-52.5890895
Angela Hansen,78,21472 Jason Summit,Port Steven,Oklahoma,15780,-87.622062,36.7463735
Kevin Crawford,16,50687 Jackson Knolls,Lambertton,Pennsylvania,74966,172.196691,-83.468087
Brandon Williams,66,48415 Aguilar Island,East Laura,Wisconsin,62572,-54.116753,8.7773265
Elizabeth Phillips,54,29226 Valerie Courts,New Jessicaside,New York,98943,-58.977923,71.6174495
Alec Pierce,81,339 Jacob Drive,Paulhaven,Connecticut,87568,152.123769,13.9121115
Dr. Ronald Stuart,33,559 Angela Burgs Apt. 543,Markburgh,New York,62183,65.059138,60.672676
Kelsey Palmer,49,0908 Connor Brooks,Whiteport,Arkansas,33683,-146.319298,37.2178515
Mitchell Peterson,63,11011 Lauren Estates Suite 878,South Maryview,New Mexico,03503,-100.016495,71.3682695
Ronald Gibbs,17,25521 Amanda Highway,South Benjaminville,South Carolina,22866,-132.962017,-62.4056995
Gary Smith,60,37274 Kathryn Passage Apt. 880,Lake Kellymouth,South Carolina,90161,-149.588767,-7.127625
Mitchell Johnson,89,7819 Laura Ports,Thomasview,New Mexico,35980,-5.501621,-46.0757455
Kimberly Anderson,71,12123 Hooper Vista,Brooksmouth,Maryland,45004,76.284107,28.8637335
Joseph Quinn,38,6903 Stephen Rest Suite 032,South Aaronville,Georgia,90347,-150.685583,46.8178855
Joseph Young,59,0360 Paul Motorway Suite 460,Stephaniebury,South Dakota,61187,144.251052,-38.447775
James Johnson,57,810 Solis Fork,New Richardburgh,Colorado,99303,-170.960682,-65.7115295
Linda Montgomery,16,6740 Vanessa Parks,Vazqueztown,Alaska,02195,175.930804,35.647350
Daniel Turner,34,569 Figueroa Flat,East Carmen,Virginia,53462,-123.294478,41.0108565
Robert Brown,27,7197 Joseph Haven,North Robert,Kansas,05565,101.178278,69.3809245
Virginia Wright,20,8300 Hansen Walks,Rodriguezmouth,Maryland,03345,59.146286,-72.2965625
Ashley Jones,64,835 Edward Spurs,Christinatown,Massachusetts,35349,-109.676646,-75.235130
John Smith,47,6794 Johnson Curve Suite 349,Susanville,Mississippi,96931,124.434145,-82.344557
Joseph Fry,47,73469 Peter Park,South Robin,Kansas,12274,128.032491,-73.481705
Amanda Gibson,83,885 Nichole Plains Suite 584,North Jayside,Nebraska,80984,26.728506,-67.8890745
Matthew Tran,31,635 Bridget Extension Apt. 061,Lake Angela,Arkansas,48507,-78.268727,22.6423195
Cheryl Adams,47,1248 Joan Lodge Apt. 540,Anthonyton,Arizona,96863,107.610948,-42.0956795
Dalton Bautista,28,476 Brent Plain Apt. 476,Josephtown,South Carolina,80373,132.957684,87.6836315
William Palmer DDS,24,756 Cynthia Hollow Apt. 138,Lake Robertmouth,Texas,11622,172.931616,63.6645465
Sarah Bryan,50,417 Sanchez Drive,Krystalside,West Virginia,06252,-98.737166,-78.3805065
Pamela Sanders,79,06912 Hunter Crossing,Morrismouth,South Carolina,35487,74.494758,23.4357175
Lisa Cobb,53,78158 Manuel Pine Suite 796,Scottshire,North Carolina,37878,-29.506457,-45.949008
Gabriel Torres,86,553 Juan Ranch Apt. 302,Shannontown,Montana,57322,-80.636362,45.981154
Ross Miller,31,0543 Paula Haven,Nicholasfort,Minnesota,61074,107.943415,69.0861895
Guy Walters,44,90445 Bridges Alley Apt. 064,New Kirstenbury,Kentucky,57521,-78.544148,-14.321859
Shari Manning,71,487 Steven Mill Apt. 219,New Brianhaven,Louisiana,07848,-69.153306,-74.2621995
Jason Martin,77,93316 Scott Highway,Zavalaborough,Montana,09131,-72.448147,-18.2579125
Kim Montes,84,074 Tara Spring,Port Dawn,Oregon,01298,99.077591,-39.976204
John English,23,77625 Manning Ranch Suite 981,South Angelaton,California,00876,155.390088,-69.742553
John Taylor DVM,49,43386 Martin Lodge Suite 705,Michellefort,Pennsylvania,39418,-160.291057,-0.716913
Michael Johnson,25,494 Smith Common Apt. 361,Leonardbury,Vermont,76624,-76.502485,-77.7433505
Tracey Craig,36,62097 Michael Fall Apt. 509,Liuberg,Illinois,57276,-75.244886,69.6560085
Ryan Rowland,64,083 George Locks Apt. 580,Kathleenfurt,Idaho,81376,-46.588403,4.949299
Crystal Ford,60,067 Garcia Coves,South Emma,Utah,69851,-109.858975,-22.622715
Matthew Hill,85,63679 James Radial Apt. 023,East Jamesborough,Vermont,04933,-138.992001,75.9386675
Dana Peters,15,504 Lopez Key,West Nathanmouth,West Virginia,72209,62.115250,54.590335
David Sanchez PhD,88,095 David Crossroad Apt. 943,Robertside,Idaho,99624,-124.500592,65.075798
John Hill,69,9160 Skinner Falls,Lopezshire,Alaska,93436,-15.634160,83.4542595
Kelly Vega,83,0248 Miles Forest,Millerton,Virginia,21836,-24.000481,-64.3430335
Maria Dean,32,63656 Boone Forges,Josephborough,Pennsylvania,98931,-119.638401,1.6040215
Thomas Russell,41,75097 Desiree Lodge,Port Caitlin,Delaware,05088,10.841015,4.510075
Jessica Perez,83,307 Chelsea Landing Apt. 375,New James,Mississippi,96217,61.119675,-83.553784
Misty Johnson,88,2571 Smith Key,North Anthony,Michigan,98486,-64.631779,-74.317881
Mrs. Stacey Brooks,24,77778 Kevin Green,Lisachester,Arizona,84210,-142.276450,-4.3804205
Anthony Webb,52,49205 Rebecca Cliffs Suite 963,Harrisberg,Montana,05043,10.699245,-58.449510
Jessica Wright,49,146 Garcia Parks,North Scottville,North Carolina,39146,-98.131190,-27.2617345
Jacqueline Carey,37,748 Harris Circle,Lindaville,Tennessee,69458,147.147468,46.4769835
Brandon Melton,78,8543 Sarah Forge Suite 370,Strongfurt,Arizona,75102,101.329963,-56.528110
Pamela Taylor,42,63623 Marisa Brooks Apt. 714,Lake Joseside,Tennessee,06553,42.318691,20.8054615
Alexandra Ellison,18,6453 Connie Fords Suite 262,West Tiffanyborough,Rhode Island,19719,-155.057905,-68.7770175
Lisa Sanders,25,38327 Bean Corner Apt. 264,Whitneymouth,Rhode Island,86722,178.210537,76.3544375
Emily Hill,68,7726 Edward Forges,Jenniferland,Georgia,24297,-22.092116,-81.944046
Robert Wilson,83,2334 James Lodge,Evansbury,Oklahoma,46326,-179.710193,11.2827475
Shelby Cummings,62,1275 Thompson Islands Suite 695,West Alexandrastad,Georgia,28131,-138.975319,38.187598
Michael Chambers,27,494 Esparza Cove,East Lisaburgh,Maryland,42154,-56.063475,50.137032
Lindsay Ritter,62,6899 Mcconnell Point Suite 695,Tateport,Missouri,71897,179.764732,-23.5585685
James Martin,54,405 Banks Lakes Suite 290,Brownmouth,New Mexico,66611,92.763258,-36.328530
Angela Williams,31,061 Smith Squares Suite 948,East Robert,Colorado,66503,-134.658884,-5.239970
Lynn Mcfarland,47,971 Smith Parks,Donnachester,Idaho,90378,-110.612598,36.901377
Christy Hayes,71,6766 Galloway Courts Apt. 770,Whiteberg,Michigan,82274,-106.960057,54.061833
Heather Becker,27,8705 Madison Glen Suite 761,East Anthonychester,Kentucky,78898,-124.463606,25.857238
Rachel Duran,60,37121 Rose Highway,North Carol,Missouri,98803,-145.855846,5.975796
Deanna Chapman,89,7096 Ortiz Ways,Atkinsonside,Rhode Island,77037,27.218239,53.421165
Amber Bradley,58,16486 Stein Ranch,New Alyssatown,Kansas,35835,175.060287,33.914069
Michelle Fernandez,18,36986 Joy Oval,South Jennifershire,Kansas,55631,-32.881469,36.566183
Charles Anderson,55,23976 Carol Mount Suite 359,Greentown,Hawaii,20417,-171.825257,-75.7837745
Robert Rogers,55,8270 Steven Spurs Suite 954,South Robert,Connecticut,80403,-68.187152,82.4252635
Michelle Martinez,86,421 Jerry Lock,Bakertown,Oklahoma,99434,63.349033,-72.6954855
Antonio Johnson,63,5631 Ricky Loaf Apt. 583,West Mark,Maine,96639,-124.152427,62.559809
Travis Tucker,50,961 David Bridge Suite 513,Michaelside,New Jersey,46350,156.511015,-81.145874
Curtis Watts,58,629 Torres Vista,West Mark,Illinois,36610,-91.933125,1.507770
Lindsey West,35,551 Carlos Forges Apt. 466,North Alexanderfurt,New York,46629,62.635680,6.394775
Daryl Smith,76,2972 Kimberly Ways Apt. 653,Jonathanview,Maryland,09259,0.968037,-19.398153
Charles Wells,16,9472 Sims Bridge Apt. 908,Smithborough,Indiana,38443,-42.270354,-23.0809235
Shelly Haas,22,5241 Ward Rapid,Wilsonton,Pennsylvania,22441,136.388144,6.851550
Steven Walsh,15,85875 Sarah Ville Apt. 307,Davidmouth,South Carolina,39950,112.830406,22.1369835
Phillip Austin MD,89,22764 Gutierrez Burg Suite 742,Franklinmouth,New York,29676,41.875860,-1.0395345
Aaron Hayden,67,7954 Anderson Roads,South Edward,Nevada,86708,44.816489,-3.0655615
Maria Santos,73,1750 Tiffany Square Apt. 242,Joseport,Illinois,91941,30.597680,88.7545225
Laura Martin MD,78,46967 Odonnell Causeway,Douglastown,Massachusetts,28924,-34.424240,77.9794625
John Cobb,68,04713 Price Divide Suite 831,West Kristinton,Oklahoma,00859,-140.093607,0.555903
Tina Hardin,55,26667 Harris Canyon Suite 101,North John,Iowa,07944,-131.349545,-8.307633
Dawn Hall,55,37445 Wilson Passage Suite 448,Kramerton,California,54498,-0.972745,54.4194295
Jessica Ferrell,41,0685 Juan Road,North Mark,North Carolina,64525,-55.680648,-58.9980475
Kristin Stone,35,848 Taylor Mission Apt. 138,Kevinchester,Rhode Island,46840,71.851812,81.186778
Michael Hall,63,161 Howell Station,Sharpton,Michigan,95861,-62.513943,-51.601139
Lisa Harris,17,593 Lauren Flat Apt. 252,Brownshire,Virginia,75751,-42.757403,27.300217
Christopher Jones,34,675 Douglas Burgs,Strongtown,Alabama,68027,-95.425697,-53.7190745
Lisa Ellis,73,7368 Coleman Lane Suite 011,Sethbury,Illinois,33828,22.046515,2.195989
Steven Bell,27,1822 Anthony Harbor Apt. 663,New Wyatt,Georgia,07911,-161.204619,43.699747
Brianna Cox,30,4289 Kevin Ridges,South Angela,Connecticut,71881,-26.719039,81.6760505
Carlos Madden,54,647 Kristin Fort Suite 240,Leonardberg,Nebraska,24534,137.603705,-6.8852525
Christopher Levine,86,2600 Kaitlyn Island,Michaelbury,Tennessee,89451,-117.353645,18.6316725
Christine Warren,24,329 Smith Isle Apt. 173,North Scott,New Jersey,82890,103.356346,-13.8257405
Michelle Ortiz,24,0788 Williams Square,Kaitlinburgh,Indiana,08921,-72.532517,44.660914
Luke Richards,51,81458 Lee Glens,Lake Ricardo,Vermont,09416,155.308528,-62.680903
Amanda Taylor,69,87472 John Via Apt. 372,Gibsonville,Michigan,58970,74.515005,8.905763
Lisa Williams,89,190 Russell Springs Suite 866,Joshuaside,Vermont,12874,31.460628,68.150282
Gregory Fleming,47,65965 Emily Islands Suite 337,Smithberg,Missouri,53317,-171.257859,-79.840078
Amanda Fisher,54,238 Aguilar Divide Suite 027,Lake Jacob,Missouri,88854,-58.954690,-7.1255765
Stephanie Ross,41,9159 Kaufman Garden,Lake Veronicaville,Georgia,93577,110.124516,71.505805
John Vargas,15,2663 Atkinson Crescent,North Robert,North Carolina,26011,-147.091687,-9.406719
Tyler Alvarez,38,5104 Rodney Springs,New Elizabeth,California,85514,-159.194684,58.0841975
Sarah Daniels,44,6516 Jones Lights Suite 111,Port Joshuabury,Wyoming,93629,-168.378090,81.213415
Thomas Dickson,84,3654 Anne Drives,Mooreville,Alaska,08270,144.071169,27.808869
Samantha Spencer MD,70,841 Bailey Groves,Jacksonchester,Ohio,66628,-78.055064,-35.1471735
Jacob Fernandez,43,60117 Beck Summit,Lake Randall,Texas,57426,-121.851708,-78.351542
Annette Wilson,72,9638 Harrison Point Apt. 916,Melissastad,Minnesota,48808,-164.665856,5.1577795
Amanda Parks,34,7021 Stephen Stravenue,Lake Katelynchester,Oklahoma,60767,29.509305,83.082443
Tyler Rogers,33,89167 Turner Drive Apt. 343,West Barbaraside,Ohio,65109,36.951101,77.778001
Lisa Drake,29,66636 Martinez Stream,New Wendyberg,West Virginia,27837,50.922823,-3.7832355
Margaret Cobb,21,173 Elaine Plaza,Port Emilyview,North Dakota,01097,-166.790506,-63.059712
Benjamin Livingston PhD,89,58404 Cassandra Branch,Port Michael,Indiana,88340,135.711258,26.7376755
Claudia Liu,17,009 Hester Village Suite 666,Lunafort,Virginia,59665,-67.601825,-72.588207
Clarence York,81,4242 Ray Turnpike Apt. 674,Lake Jennifer,Mississippi,81834,-155.508075,19.2786115
Gregory Schaefer,33,686 Gregory Greens Apt. 216,Bradleyville,Alaska,37043,118.956055,-71.8593435
Mary Johns,57,4471 Shaw Inlet,Lake Michael,Alaska,79665,-134.241379,42.3028975
Savannah Perez,15,288 Acevedo Rest Suite 279,Josephmouth,Tennessee,60789,131.804956,-71.015336
Carolyn Chavez,29,126 Hamilton Parkway,New Jenniferfurt,Kentucky,83198,-22.534716,-49.1762225
Mr. Carlos Johnson,16,087 Michelle Walks,Andersenton,Mississippi,24248,12.864458,55.2844485
Sarah Guerra,87,82269 Kimberly Fort Apt. 961,East Kayla,Wyoming,91808,-86.266425,-50.1047505
Christine Garcia,48,4370 Green Bridge Apt. 959,Wallbury,Louisiana,43943,156.019612,79.895597
Diane Blanchard,86,776 Hernandez Branch Suite 536,Melissaland,Georgia,16750,85.509555,-79.3697585
Taylor Morales,37,613 Mathis Roads,New Jonathanfurt,Florida,19239,94.194090,56.333560
Julie Sharp,64,6289 Murray Villages,North Shelly,Virginia,66434,73.593698,-82.938449
Hayley Gonzalez,41,0877 Simmons Manor,Lewisborough,Colorado,56040,-111.365522,54.1245565
Brian Baker,63,371 Taylor Plaza Apt. 951,Richardsonmouth,Massachusetts,37231,-149.723289,-49.5072485
Rhonda Fritz,23,95552 Justin Radial,Gibsontown,Arkansas,55162,-170.541567,74.706398
Natalie Hickman,33,6966 Chad Center,Amyside,Connecticut,80082,-111.738617,-17.6571385
Wanda Burke,37,5015 Jill Bypass Suite 937,South Cynthia,Connecticut,62420,-21.871570,84.8166015
Jill Smith,75,402 Wilson Ports Apt. 725,Allenside,South Carolina,54852,-122.649223,-67.8951455
Logan Porter,16,864 Marc Junctions,Howetown,Wisconsin,41266,140.703029,-74.717262
Kendra Gilmore,90,547 Nunez Estate,Tiffanychester,Florida,62184,96.840529,-22.5136105
Mr. Joseph Dunn DVM,78,0302 Curtis Springs Suite 654,Alexisstad,Rhode Island,93090,122.904073,56.277116
James Robinson,63,732 Spencer Hills,Lake Justinmouth,Wyoming,49784,-113.907493,46.145727
Marie Mullins,78,495 Velazquez Circle Suite 134,Millerville,South Carolina,95491,144.492272,-76.4614915
Robert Barnes,74,3355 Smith Gardens Suite 695,New Lauren,Connecticut,32663,-83.758579,-10.509471
Katherine Gomez,27,840 Richardson Junction Suite 475,South Margaretborough,Kansas,31918,-20.302144,-12.965573
Diane Brooks,24,613 Robertson Park Apt. 652,Port Jeremyfurt,New Jersey,00744,132.332801,-88.422600
Cody Hardy,64,442 Roberts Trail,New Shelia,Wyoming,27956,-7.312585,47.648254
Ryan Gordon,17,755 Johnson Port Suite 945,Parkerbury,Rhode Island,09707,20.188627,22.5804375
Claire Berry,50,560 Ashley Prairie Apt. 970,North Coreyburgh,Iowa,46856,-46.678502,27.445090
Jackson Rasmussen,45,3263 Wilson Road,South Jasonborough,North Carolina,76427,-85.008092,-16.5747935
Jose Gonzalez Jr.,53,0664 Lori Common,Christopherview,Louisiana,46929,82.360358,46.074092
Rebecca Hicks,27,375 Shea Lane,North Carmen,Oregon,37129,-174.988226,-56.274832
Jeffery Foster,66,56061 Ware Ways Suite 674,Lake Leslie,Wyoming,44281,-78.761423,12.3033895
Carlos Lee DVM,17,38424 Bradley Corner Suite 241,Rodriguezton,Hawaii,59648,134.198685,-75.758897
Gavin Stone,82,7026 Gibson Highway Apt. 692,North Ivanhaven,Iowa,72674,135.276995,43.2987195
Brandi Flowers MD,19,52145 Garza Rest Apt. 661,South Rogerstad,Texas,37402,168.804972,44.2027915
Katie Reese,87,80232 Tara Pass,Lake Rodneymouth,Montana,87332,-16.549723,62.4244675
Michelle Sims,69,9895 Margaret Unions,West Eric,New Hampshire,21342,-10.026330,78.5226915
Sabrina Cook,54,41955 Steven Ridge,Ashleyview,Rhode Island,18652,-32.915418,47.761628
Lisa Flores,49,28232 Miller Trail,New Joshua,South Dakota,84804,27.547368,-53.635100
Anthony Morgan,42,7449 Anthony Via Suite 209,Port Robin,West Virginia,21290,69.979538,53.839908
Karen Hunter,85,787 Melinda Ridge Suite 487,Chavezfurt,Delaware,34409,-129.057590,60.630481
Hannah Newman,21,65520 Jacqueline Path Suite 133,Walkerland,Delaware,03379,-128.225060,-37.299967
Tyler Jackson,25,72818 Small Island,Armstrongton,Hawaii,21984,-26.196569,81.3328465
Barbara Fernandez,37,5576 Joan Extension,West Jason,North Carolina,92696,-119.305114,-54.478185
Logan Hernandez,65,90910 Alvarado Heights Suite 766,Joeburgh,Washington,80825,125.952503,81.0511045
Michael Williams,27,2511 Sanchez Rapid,Walkerberg,Minnesota,10356,-33.346172,-78.303822
Rebecca Dudley,31,3875 Karen Divide,Melissaside,Montana,41498,16.565172,-19.0717625
James Ryan,16,494 Troy Glen Apt. 366,Rogerston,South Dakota,18736,-127.544187,61.5725325
Victoria Gutierrez,38,0763 Sanchez Falls,Bartonport,Connecticut,85925,-90.996028,12.577602
Cheryl Lee,54,6297 Torres Spur,Charlesport,Colorado,17382,-69.758385,-6.5626405
Daniel Gutierrez,38,737 John Turnpike,Harringtonberg,Mississippi,91700,-168.158600,68.6200645
Jeremiah Smith,71,3511 Owens Meadows Apt. 030,Wellsbury,South Carolina,29863,135.286083,-28.597843
Paula Gomez,15,5083 Linda Isle,South Kellyhaven,New Jersey,20837,-173.791018,-36.853010
Brian Banks,66,616 Miller Manor,Patriciamouth,South Dakota,16332,-57.138745,-89.029267
Kelly Evans,55,97094 Wright Groves,North Anna,Delaware,84540,-35.883221,-73.984299
Kathy York,43,6919 Paul Parkway Suite 549,Port Stephanie,Colorado,57980,90.536350,-39.1237715
Logan Bailey,70,081 Michelle Viaduct,North Debrastad,Mississippi,29713,-70.105447,-54.7779115
Kristopher Harris,39,68059 Robbins Mall,North Paul,Montana,76045,-143.211260,-7.091139
Roberto Davis,15,8571 King Brook Apt. 385,Brandonside,Maryland,90367,-154.099331,-79.012518
Jasmine Collins,52,087 Kevin Knolls Suite 243,Colemanport,Tennessee,66437,-21.226447,-11.332995
Randy Lloyd,41,2982 Sergio Tunnel,Jenniferview,Delaware,15853,-125.043165,-68.9192775
Paula Charles,55,40529 Monica Parkways,Aguilarside,Oklahoma,35071,118.455548,62.806604
Terri West,58,81380 Gail Cliff,East Lisaburgh,Arizona,04231,2.984704,8.588659
Heidi Mercado,51,045 Harry Freeway Suite 024,Port Wendy,Montana,21830,52.254673,-51.1629055
Jason Hughes,18,8194 Laura Forest,New Richardhaven,Texas,53398,8.797826,-32.8130615
Christopher Roman,87,93456 Smith Street,North Roberta,Virginia,41877,172.510640,-89.5514575
Gregory Hurley,58,2456 Joshua Way,New Tarafort,Montana,62187,67.644412,-29.2488315
Shawn Armstrong,49,1246 Wendy Glens,Bellville,Alaska,13128,-94.666810,40.951692
Kiara Holt,57,593 Robert Harbor Suite 691,Carrside,South Dakota,98359,-129.172652,-22.0523395
Scott Snyder,75,5246 Christina Rapid Suite 594,Sanderstown,South Dakota,95894,60.513744,68.367528
Christopher Clark,28,6184 Alejandro Mount,Gonzalezside,Virginia,57738,-121.631772,75.437319
Ana French,66,432 Case Ford,Port Kyle,Utah,57167,-2.642235,-31.2769925
Richard White,58,377 Jimenez Crescent Apt. 541,West Paul,Mississippi,95849,-16.657995,-14.525383
Gregory Pena,85,1348 Jason Tunnel,Lake Lisa,Oklahoma,74160,-83.737885,88.8258455
Nicole Adams,76,138 Gonzalez Village Suite 923,New Anthonyfort,Utah,23696,-6.241009,-87.9752095
Judith Curtis DVM,88,0559 Kenneth Villages Apt. 192,New William,Rhode Island,84113,151.298299,-54.3390265
Virginia Gilbert,21,2438 Manning Ridges Apt. 028,Port Jamie,Arizona,52112,-74.924146,-55.3857665
Amy Morris,25,779 Turner Shores Apt. 500,Port Alyssaside,Nevada,47325,31.524845,-11.4818565
Emily Hahn,77,74988 Clifford Viaduct,North Kelly,Pennsylvania,83682,-151.832720,27.7114765
Eric Reynolds,45,132 Webb Gardens,Lake Lisafurt,North Carolina,78481,146.132962,-22.809328
Darryl Martin,59,3907 Baker Ways Suite 777,North Christinefort,Idaho,33908,88.212778,-58.760112
Anna Kirby,79,985 Adam Curve Apt. 506,Brownmouth,Idaho,22273,112.874426,4.4594185
Justin Jackson,34,340 Huang Rapids Apt. 413,Cardenasmouth,South Carolina,22644,108.175781,70.8150775
Jack Nelson,41,390 Ortega Valleys Apt. 358,Robertton,North Dakota,60027,3.112098,-9.551128
Russell Johnson,44,183 Eric Rapids Suite 168,South Nicholasville,Nevada,76452,30.406896,3.4549875
Erin Li,71,47545 Timothy Shoal,Jamesfurt,Montana,78905,35.430512,-70.970692
Makayla Young,35,826 Anna Trace Apt. 502,Ianport,Colorado,90876,-112.817203,82.8765885
Chad Cowan,81,650 Burns Points,Edwardberg,Maine,04250,97.198037,3.3322695
Ann Reilly,19,578 Snyder Summit Suite 022,Lake Crystalton,Mississippi,86854,146.577787,-39.416084
Brittany Parker,84,8633 Ann Union,Daviesland,Virginia,14690,89.006635,-4.040292
Sarah Fernandez,73,25186 Brooke Knoll,Jeanberg,Utah,58813,141.161443,-28.967817
David Booker,24,880 Martinez Fields,Danielsland,Alaska,75113,142.590528,-56.9645655
Linda Ortiz,44,465 Robert Trail,Garciamouth,West Virginia,71029,-177.655241,77.169140
Daniel Salinas,44,02884 Angela Camp,New Christophermouth,Illinois,79359,-93.370427,32.190897
Derrick Burgess,74,171 Mark Branch Suite 149,Kimberlyhaven,Colorado,58043,-114.306759,-15.3013195
Samantha Martin,45,1378 Lisa Spur,East Matthewburgh,Delaware,79444,90.254191,60.5784225
Billy Carter,57,504 Daniel Corners Apt. 024,East Morgan,Kentucky,89114,-62.200973,86.432854
Robert Vincent,31,23888 Turner Bypass,Michaelfurt,North Carolina,41760,-136.441365,6.789360
Brianna Brady,77,1541 William Forks Apt. 913,North Courtney,California,02641,110.909176,23.535820
Kevin Cook,66,147 Schaefer Inlet,Snyderbury,Indiana,01530,-149.304138,-50.840755
Jay Acevedo,68,229 Martinez Well Apt. 828,South Joshua,Florida,61168,-116.359694,18.471706
Tiffany Ritter,39,240 William Well Suite 099,New Michelleberg,Delaware,96078,-116.638369,-17.087873
Roger Cannon,42,2720 Rollins Lake,New Carlstad,Tennessee,95116,-63.391536,-59.855369
Dana Phillips,29,19075 Melissa Creek Apt. 844,North Ashley,Wyoming,69452,-156.544798,50.0647395
Brittany Miller,86,57386 Jennings Mount,Elizabethbury,Georgia,04320,104.655691,35.428180
Daniel Gomez,33,6968 Wells Freeway Apt. 932,Reidbury,Georgia,24493,-116.823795,-29.6685435
Anna Ingram,76,1218 Justin Shoals,Coxland,Virginia,31344,131.648792,31.8997105
Steven Landry,19,35012 Jerome Village,Kristinmouth,Wyoming,39009,-117.567341,-53.4019405
Mr. Joshua Hodges,42,38914 Leah Ferry Suite 810,Stuartburgh,Washington,28578,176.080457,-70.993453
Mitchell Young,75,857 Brian Creek,South Cameron,Arkansas,70122,-30.573124,33.476472
Karen Reed,70,08655 Charles Flat Apt. 541,West Thomas,Rhode Island,91399,-25.913983,-34.271093
Matthew Campos,90,08178 Patricia Inlet Suite 061,East Monica,Vermont,83209,-158.162569,36.9298575
Terry Thomas,66,0427 Morse Neck,East Williamberg,Utah,21161,70.281567,46.303096
Dr. Jacob David,65,477 Tran Lodge Apt. 589,East Kevinchester,Rhode Island,70539,-31.247411,42.663024
William Russell MD,43,248 Brown Squares,Lake Brett,Arizona,71475,-156.794970,80.4650675
Brent Moran,83,43362 Robert Avenue,Rebeccafurt,Wyoming,00855,108.665714,-50.758934
Kimberly Thomas,56,2863 Reyes Grove,Davisburgh,Missouri,44672,-176.901270,-56.1654085
Jesus Ortiz,60,458 Garrison Spurs Suite 435,Port Chris,Michigan,73351,-150.274135,-64.081163
Seth Garcia,52,0970 Gonzalez Run,Williamsborough,Alaska,12678,171.007887,44.4440855
Cameron Snow,43,903 Young Meadow Suite 985,North Zacharychester,New Hampshire,37409,-107.225544,-14.0727145
Matthew Dawson,38,801 Anthony Street,Schwartzhaven,New Mexico,05775,-52.143617,-77.6353285
Kendra Reilly,58,8744 Katelyn Extensions Suite 896,Coltonborough,Illinois,56908,81.365471,27.095146
Jared Leonard,55,2095 Hardin Plains,New Patricia,Missouri,63071,33.037166,-76.269424
Terri Fisher,58,184 Bond Ranch,Villanuevaside,Minnesota,31143,7.995423,7.287145
Aaron Romero,51,61405 Sarah Flat Suite 686,Lake Michael,Montana,99047,128.106674,1.310551
John Baker,42,5954 Casey Underpass,Gonzalesbury,Alabama,50051,171.941854,-15.926474
Ian Clark,73,1237 Larson Lock,Lake Nicholefort,Colorado,85875,-71.002550,-3.9450505
Michael Simmons,68,439 Aguilar Garden,Nicholsmouth,Tennessee,47935,-66.433461,18.506995
Juan Lewis,15,6614 Javier Isle,North Stephanie,Iowa,05287,3.329803,-17.447522
Krista Barrera,18,92257 Lewis Crest,Newtonside,New Jersey,72718,-41.815141,-34.974165
Amber Estrada,18,610 Gonzalez Prairie Suite 582,New Jennifer,Rhode Island,88743,-29.200615,-5.3117395
Kyle Salazar,54,4934 Pamela Via,East Scottside,Connecticut,13090,-15.612079,-17.0085905
Rodney Garcia,43,8631 Daniel Corners,West Ryan,Mississippi,29780,-116.646550,-36.442016
Mark Wagner,87,529 Huff Lane Apt. 995,Solomonville,Louisiana,24287,-57.101413,62.628635
Theresa Dickson,73,075 Ricky Circles Apt. 375,East Michelleland,Michigan,19925,-167.381893,71.185023
James Wagner,89,986 Jones Rapid,New Curtis,Texas,81152,-109.368339,45.196107
Victoria Frank,61,4360 Jason Rapid,Matatown,Pennsylvania,52123,118.023729,23.267548
Jason Mack,75,439 David Stravenue Suite 115,Georgeshire,Maryland,37908,-176.054451,79.1663185
Mark Taylor,64,879 Yates Crossroad,East Shannonview,Vermont,20791,-141.278236,-6.187997
Darin Mccoy,20,253 Erika Trace,North Kimberlyport,Michigan,90908,-85.880463,-45.1039295
James Pope,78,642 Christensen Villages Suite 145,New Erinborough,New Hampshire,11355,114.338429,-50.0146215
Michelle Briggs,20,946 Thomas Parkway Apt. 660,East Christophermouth,California,59917,-26.233964,0.403103
Keith Hernandez,27,460 Conley Passage,Holtfurt,Rhode Island,31854,-141.636897,-67.367775
Amanda Lewis,36,43711 Sonia Locks Suite 961,Williamsport,Hawaii,68933,31.053947,-63.961550
Michael Grant,32,232 Nicholas Mall,East Janet,Utah,33737,-8.056292,-71.980001
Elizabeth Little,17,0416 Sloan Ports Apt. 876,New Kayla,Illinois,36055,-115.585367,-73.0824995
Kaitlyn Moore DDS,41,7293 Johnson Ferry,Drakemouth,Tennessee,61850,-4.949526,42.9444455
Christopher Hill,52,338 Carolyn Pike Apt. 866,New Williebury,Maine,34457,-0.968687,56.2673765
Lisa Howard,56,0931 Williams Burg,Lake Erin,Massachusetts,84205,56.106838,-80.3983145
Ernest Mcbride,35,8602 Emily Bridge,South Sara,Louisiana,93145,-11.716086,-26.2875135
Hector Figueroa,25,18261 Elizabeth Cliff,East Lisa,Iowa,88647,17.817359,-36.1494355
Chad Carter,81,464 Brooke Walk Apt. 630,North Maryport,South Carolina,96519,152.132339,-26.760513
Alyssa Robertson,59,39845 Gregory Meadows Suite 362,Ronaldhaven,Ohio,64714,-168.272973,31.978689
Holly Lee,81,5710 Huynh Shoals Apt. 017,Shepherdshire,New Mexico,24786,156.109798,-63.8132945
Jonathan Santiago,35,986 Brown Crossroad Suite 179,West Frankland,Nevada,09364,30.957139,15.981563
Beverly Schmidt MD,62,016 Katelyn Plaza,New Lisabury,Arkansas,58926,-31.805117,-88.9976015
Becky Cruz,22,50192 Hartman Vista,Stephaniefort,Georgia,15476,-36.163820,-72.900864
Diana Bishop,51,19227 Sandra Valley Suite 580,West Lindseyville,Utah,24279,-164.200991,-12.8686765
John Brown,82,61563 Kenneth Groves,West Scottberg,Florida,78243,134.173462,21.527933
Joy Hudson,17,5890 Griffin Gateway,Gravesstad,Nevada,81825,-43.026424,26.7015685
Walter Callahan,87,341 Carter Vista,Zunigafurt,Mississippi,17449,137.200394,-41.9299205
